x,u
0.000000,1.000000
0.002506,1.000000
0.005013,1.000000
0.007519,1.000000
0.010025,1.000000
0.012531,1.000000
0.015038,1.000000
0.017544,1.000000
0.020050,1.000000
0.022556,1.000000
0.025063,1.000000
0.027569,1.000000
0.030075,1.000000
0.032581,1.000000
0.035088,1.000000
0.037594,1.000000
0.040100,1.000000
0.042607,1.000000
0.045113,1.000000
0.047619,1.000000
0.050125,1.000000
0.052632,1.000000
0.055138,1.000000
0.057644,1.000000
0.060150,1.000000
0.062657,1.000000
0.065163,1.000000
0.067669,1.000000
0.070175,1.000000
0.072682,1.000000
0.075188,1.000000
0.077694,1.000000
0.080201,1.000000
0.082707,1.000000
0.085213,1.000000
0.087719,1.000000
0.090226,1.000000
0.092732,1.000000
0.095238,1.000000
0.097744,1.000000
0.100251,1.000000
0.102757,1.000000
0.105263,1.000000
0.107769,1.000000
0.110276,1.000000
0.112782,1.000000
0.115288,1.000000
0.117794,1.000000
0.120301,1.000000
0.122807,1.000000
0.125313,1.000000
0.127820,1.000000
0.130326,1.000000
0.132832,1.000000
0.135338,1.000000
0.137845,1.000000
0.140351,1.000000
0.142857,1.000000
0.145363,1.000000
0.147870,1.000000
0.150376,1.000000
0.152882,1.000000
0.155388,1.000000
0.157895,1.000000
0.160401,1.000000
0.162907,1.000000
0.165414,1.000000
0.167920,1.000000
0.170426,1.000000
0.172932,1.000000
0.175439,1.000000
0.177945,1.000000
0.180451,1.000000
0.182957,1.000000
0.185464,1.000000
0.187970,1.000000
0.190476,1.000000
0.192982,1.000000
0.195489,1.000000
0.197995,1.000000
0.200501,1.000000
0.203008,1.000000
0.205514,1.000000
0.208020,1.000000
0.210526,1.000000
0.213033,1.000000
0.215539,1.000000
0.218045,1.000000
0.220551,1.000000
0.223058,1.000000
0.225564,1.000000
0.228070,1.000000
0.230576,1.000000
0.233083,1.000000
0.235589,1.000000
0.238095,1.000000
0.240602,1.000000
0.243108,1.000000
0.245614,1.000000
0.248120,1.000000
0.250627,1.000000
0.253133,1.000000
0.255639,1.000000
0.258145,1.000000
0.260652,1.000000
0.263158,1.000000
0.265664,1.000000
0.268170,1.000000
0.270677,1.000000
0.273183,1.000000
0.275689,1.000000
0.278195,1.000000
0.280702,1.000000
0.283208,1.000000
0.285714,1.000000
0.288221,1.000000
0.290727,1.000000
0.293233,1.000000
0.295739,1.000000
0.298246,1.000000
0.300752,1.000000
0.303258,1.000000
0.305764,1.000000
0.308271,1.000000
0.310777,1.000000
0.313283,1.000000
0.315789,1.000000
0.318296,1.000000
0.320802,1.000000
0.323308,1.000000
0.325815,1.000000
0.328321,1.000000
0.330827,1.000000
0.333333,1.000000
0.335840,1.000000
0.338346,1.000000
0.340852,1.000000
0.343358,1.000000
0.345865,1.000000
0.348371,1.000000
0.350877,1.000000
0.353383,1.000000
0.355890,1.000000
0.358396,1.000000
0.360902,1.000000
0.363409,1.000000
0.365915,1.000000
0.368421,1.000000
0.370927,1.000000
0.373434,1.000000
0.375940,1.000000
0.378446,1.000000
0.380952,1.000000
0.383459,1.000000
0.385965,1.000000
0.388471,1.000000
0.390977,1.000000
0.393484,1.000000
0.395990,1.000000
0.398496,1.000000
0.401003,1.000000
0.403509,1.000000
0.406015,1.000000
0.408521,1.000000
0.411028,1.000000
0.413534,1.000000
0.416040,1.000000
0.418546,1.000000
0.421053,1.000000
0.423559,1.000000
0.426065,1.000000
0.428571,1.000000
0.431078,1.000000
0.433584,1.000000
0.436090,1.000000
0.438596,1.000000
0.441103,1.000000
0.443609,1.000000
0.446115,1.000000
0.448622,1.000000
0.451128,1.000000
0.453634,1.000000
0.456140,1.000000
0.458647,1.000000
0.461153,1.000000
0.463659,1.000000
0.466165,1.000000
0.468672,1.000000
0.471178,1.000000
0.473684,1.000000
0.476190,1.000000
0.478697,1.000000
0.481203,1.000000
0.483709,1.000000
0.486216,1.000000
0.488722,1.000000
0.491228,1.000000
0.493734,1.000000
0.496241,1.000000
0.498747,1.000000
0.501253,1.000000
0.503759,1.000000
0.506266,1.000000
0.508772,1.000000
0.511278,1.000000
0.513784,1.000000
0.516291,1.000000
0.518797,1.000000
0.521303,1.000000
0.523810,1.000000
0.526316,1.000000
0.528822,1.000000
0.531328,1.000000
0.533835,1.000000
0.536341,1.000000
0.538847,1.000000
0.541353,1.000000
0.543860,1.000000
0.546366,1.000000
0.548872,1.000000
0.551378,1.000000
0.553885,1.000000
0.556391,1.000000
0.558897,1.000000
0.561404,1.000000
0.563910,1.000000
0.566416,1.000000
0.568922,1.000000
0.571429,1.000000
0.573935,1.000000
0.576441,1.000000
0.578947,1.000000
0.581454,1.000000
0.583960,1.000000
0.586466,1.000000
0.588972,1.000000
0.591479,1.000000
0.593985,1.000000
0.596491,1.000000
0.598997,1.000000
0.601504,1.000000
0.604010,1.000000
0.606516,1.000000
0.609023,1.000000
0.611529,1.000000
0.614035,1.000000
0.616541,1.000000
0.619048,1.000000
0.621554,1.000000
0.624060,1.000000
0.626566,1.000000
0.629073,1.000000
0.631579,1.000000
0.634085,1.000000
0.636591,1.000000
0.639098,1.000000
0.641604,1.000000
0.644110,1.000000
0.646617,1.000000
0.649123,1.000000
0.651629,1.000000
0.654135,1.000000
0.656642,1.000000
0.659148,1.000000
0.661654,1.000000
0.664160,1.000000
0.666667,1.000000
0.669173,1.000000
0.671679,1.000000
0.674185,1.000000
0.676692,1.000000
0.679198,1.000000
0.681704,1.000000
0.684211,1.000000
0.686717,1.000000
0.689223,1.000000
0.691729,1.000000
0.694236,1.000000
0.696742,1.000000
0.699248,1.000000
0.701754,1.000000
0.704261,1.000000
0.706767,1.000000
0.709273,1.000000
0.711779,1.000000
0.714286,1.000000
0.716792,1.000000
0.719298,1.000000
0.721805,1.000000
0.724311,1.000000
0.726817,1.000000
0.729323,1.000000
0.731830,1.000000
0.734336,1.000000
0.736842,1.000000
0.739348,1.000000
0.741855,1.000000
0.744361,1.000000
0.746867,1.000000
0.749373,1.000000
0.751880,1.000000
0.754386,1.000000
0.756892,1.000000
0.759398,1.000000
0.761905,1.000000
0.764411,1.000000
0.766917,1.000000
0.769424,1.000000
0.771930,1.000000
0.774436,1.000000
0.776942,1.000000
0.779449,1.000000
0.781955,1.000000
0.784461,1.000000
0.786967,1.000000
0.789474,1.000000
0.791980,1.000000
0.794486,1.000000
0.796992,1.000000
0.799499,1.000000
0.802005,1.000000
0.804511,1.000000
0.807018,1.000000
0.809524,1.000000
0.812030,1.000000
0.814536,1.000000
0.817043,1.000000
0.819549,1.000000
0.822055,1.000000
0.824561,1.000000
0.827068,1.000000
0.829574,1.000000
0.832080,1.000000
0.834586,1.000000
0.837093,1.000000
0.839599,1.000000
0.842105,1.000000
0.844612,1.000000
0.847118,1.000000
0.849624,1.000000
0.852130,1.000000
0.854637,1.000000
0.857143,1.000000
0.859649,1.000000
0.862155,1.000000
0.864662,1.000000
0.867168,1.000000
0.869674,1.000000
0.872180,1.000000
0.874687,1.000000
0.877193,1.000000
0.879699,1.000000
0.882206,1.000000
0.884712,1.000000
0.887218,1.000000
0.889724,1.000000
0.892231,1.000000
0.894737,1.000000
0.897243,1.000000
0.899749,1.000000
0.902256,1.000000
0.904762,1.000000
0.907268,1.000000
0.909774,1.000000
0.912281,1.000000
0.914787,1.000000
0.917293,1.000000
0.919799,1.000000
0.922306,1.000000
0.924812,1.000000
0.927318,1.000000
0.929825,1.000000
0.932331,1.000000
0.934837,1.000000
0.937343,1.000000
0.939850,1.000000
0.942356,1.000000
0.944862,1.000000
0.947368,1.000000
0.949875,1.000000
0.952381,1.000000
0.954887,1.000000
0.957393,1.000000
0.959900,1.000000
0.962406,1.000000
0.964912,1.000000
0.967419,1.000000
0.969925,1.000000
0.972431,1.000000
0.974937,1.000000
0.977444,1.000000
0.979950,1.000000
0.982456,1.000000
0.984962,1.000000
0.987469,1.000000
0.989975,1.000000
0.992481,1.000000
0.994987,1.000000
0.997494,1.000000
1.000000,1.000000
