run_id,case_name,case,viscosity,sensor,beta,cfl,nx,mode,t_max,status,reason,solution_time,variable,L1,L2,Linf,TV,undershoot,overshoot
run_0001,visc_on_sensor_rho_beta_0p25_cfl_0p2_nx_101_mode_1,4,on,rho,0.25,0.2,101,1,0.15,failed,solver returned 1,,rho,,,,,,
run_0001,visc_on_sensor_rho_beta_0p25_cfl_0p2_nx_101_mode_1,4,on,rho,0.25,0.2,101,1,0.15,failed,solver returned 1,,u,,,,,,
run_0001,visc_on_sensor_rho_beta_0p25_cfl_0p2_nx_101_mode_1,4,on,rho,0.25,0.2,101,1,0.15,failed,solver returned 1,,p,,,,,,
run_0002,visc_on_sensor_rho_beta_0p25_cfl_0p2_nx_201_mode_1,4,on,rho,0.25,0.2,201,1,0.15,failed,solver returned 1,,rho,,,,,,
run_0002,visc_on_sensor_rho_beta_0p25_cfl_0p2_nx_201_mode_1,4,on,rho,0.25,0.2,201,1,0.15,failed,solver returned 1,,u,,,,,,
run_0002,visc_on_sensor_rho_beta_0p25_cfl_0p2_nx_201_mode_1,4,on,rho,0.25,0.2,201,1,0.15,failed,solver returned 1,,p,,,,,,
run_0003,visc_on_sensor_rho_beta_0p25_cfl_0p2_nx_501_mode_1,4,on,rho,0.25,0.2,501,1,0.15,failed,solver returned 1,,rho,,,,,,
run_0003,visc_on_sensor_rho_beta_0p25_cfl_0p2_nx_501_mode_1,4,on,rho,0.25,0.2,501,1,0.15,failed,solver returned 1,,u,,,,,,
run_0003,visc_on_sensor_rho_beta_0p25_cfl_0p2_nx_501_mode_1,4,on,rho,0.25,0.2,501,1,0.15,failed,solver returned 1,,p,,,,,,
run_0004,visc_on_sensor_rho_beta_0p25_cfl_0p2_nx_1001_mode_1,4,on,rho,0.25,0.2,1001,1,0.15,failed,solver returned 1,,rho,,,,,,
run_0004,visc_on_sensor_rho_beta_0p25_cfl_0p2_nx_1001_mode_1,4,on,rho,0.25,0.2,1001,1,0.15,failed,solver returned 1,,u,,,,,,
run_0004,visc_on_sensor_rho_beta_0p25_cfl_0p2_nx_1001_mode_1,4,on,rho,0.25,0.2,1001,1,0.15,failed,solver returned 1,,p,,,,,,
run_0005,visc_on_sensor_rho_beta_0p25_cfl_0p5_nx_101_mode_1,4,on,rho,0.25,0.5,101,1,0.15,failed,solver returned 1,,rho,,,,,,
run_0005,visc_on_sensor_rho_beta_0p25_cfl_0p5_nx_101_mode_1,4,on,rho,0.25,0.5,101,1,0.15,failed,solver returned 1,,u,,,,,,
run_0005,visc_on_sensor_rho_beta_0p25_cfl_0p5_nx_101_mode_1,4,on,rho,0.25,0.5,101,1,0.15,failed,solver returned 1,,p,,,,,,
run_0006,visc_on_sensor_rho_beta_0p25_cfl_0p5_nx_201_mode_1,4,on,rho,0.25,0.5,201,1,0.15,failed,solver returned 1,,rho,,,,,,
run_0006,visc_on_sensor_rho_beta_0p25_cfl_0p5_nx_201_mode_1,4,on,rho,0.25,0.5,201,1,0.15,failed,solver returned 1,,u,,,,,,
run_0006,visc_on_sensor_rho_beta_0p25_cfl_0p5_nx_201_mode_1,4,on,rho,0.25,0.5,201,1,0.15,failed,solver returned 1,,p,,,,,,
run_0007,visc_on_sensor_rho_beta_0p25_cfl_0p5_nx_501_mode_1,4,on,rho,0.25,0.5,501,1,0.15,failed,solver returned 1,,rho,,,,,,
run_0007,visc_on_sensor_rho_beta_0p25_cfl_0p5_nx_501_mode_1,4,on,rho,0.25,0.5,501,1,0.15,failed,solver returned 1,,u,,,,,,
run_0007,visc_on_sensor_rho_beta_0p25_cfl_0p5_nx_501_mode_1,4,on,rho,0.25,0.5,501,1,0.15,failed,solver returned 1,,p,,,,,,
run_0008,visc_on_sensor_rho_beta_0p25_cfl_0p5_nx_1001_mode_1,4,on,rho,0.25,0.5,1001,1,0.15,failed,solver returned 1,,rho,,,,,,
run_0008,visc_on_sensor_rho_beta_0p25_cfl_0p5_nx_1001_mode_1,4,on,rho,0.25,0.5,1001,1,0.15,failed,solver returned 1,,u,,,,,,
run_0008,visc_on_sensor_rho_beta_0p25_cfl_0p5_nx_1001_mode_1,4,on,rho,0.25,0.5,1001,1,0.15,failed,solver returned 1,,p,,,,,,
run_0009,visc_on_sensor_rho_beta_0p25_cfl_0p8_nx_101_mode_1,4,on,rho,0.25,0.8,101,1,0.15,failed,solver returned 1,,rho,,,,,,
run_0009,visc_on_sensor_rho_beta_0p25_cfl_0p8_nx_101_mode_1,4,on,rho,0.25,0.8,101,1,0.15,failed,solver returned 1,,u,,,,,,
run_0009,visc_on_sensor_rho_beta_0p25_cfl_0p8_nx_101_mode_1,4,on,rho,0.25,0.8,101,1,0.15,failed,solver returned 1,,p,,,,,,
run_0010,visc_on_sensor_rho_beta_0p25_cfl_0p8_nx_201_mode_1,4,on,rho,0.25,0.8,201,1,0.15,failed,solver returned 1,,rho,,,,,,
run_0010,visc_on_sensor_rho_beta_0p25_cfl_0p8_nx_201_mode_1,4,on,rho,0.25,0.8,201,1,0.15,failed,solver returned 1,,u,,,,,,
run_0010,visc_on_sensor_rho_beta_0p25_cfl_0p8_nx_201_mode_1,4,on,rho,0.25,0.8,201,1,0.15,failed,solver returned 1,,p,,,,,,
run_0011,visc_on_sensor_rho_beta_0p25_cfl_0p8_nx_501_mode_1,4,on,rho,0.25,0.8,501,1,0.15,failed,solver returned 1,,rho,,,,,,
run_0011,visc_on_sensor_rho_beta_0p25_cfl_0p8_nx_501_mode_1,4,on,rho,0.25,0.8,501,1,0.15,failed,solver returned 1,,u,,,,,,
run_0011,visc_on_sensor_rho_beta_0p25_cfl_0p8_nx_501_mode_1,4,on,rho,0.25,0.8,501,1,0.15,failed,solver returned 1,,p,,,,,,
run_0012,visc_on_sensor_rho_beta_0p25_cfl_0p8_nx_1001_mode_1,4,on,rho,0.25,0.8,1001,1,0.15,failed,solver returned 1,,rho,,,,,,
run_0012,visc_on_sensor_rho_beta_0p25_cfl_0p8_nx_1001_mode_1,4,on,rho,0.25,0.8,1001,1,0.15,failed,solver returned 1,,u,,,,,,
run_0012,visc_on_sensor_rho_beta_0p25_cfl_0p8_nx_1001_mode_1,4,on,rho,0.25,0.8,1001,1,0.15,failed,solver returned 1,,p,,,,,,
run_0013,visc_on_sensor_u_beta_0p25_cfl_0p2_nx_101_mode_1,4,on,u,0.25,0.2,101,1,0.15,failed,solver returned 1,,rho,,,,,,
run_0013,visc_on_sensor_u_beta_0p25_cfl_0p2_nx_101_mode_1,4,on,u,0.25,0.2,101,1,0.15,failed,solver returned 1,,u,,,,,,
run_0013,visc_on_sensor_u_beta_0p25_cfl_0p2_nx_101_mode_1,4,on,u,0.25,0.2,101,1,0.15,failed,solver returned 1,,p,,,,,,
run_0014,visc_on_sensor_u_beta_0p25_cfl_0p2_nx_201_mode_1,4,on,u,0.25,0.2,201,1,0.15,failed,solver returned 1,,rho,,,,,,
run_0014,visc_on_sensor_u_beta_0p25_cfl_0p2_nx_201_mode_1,4,on,u,0.25,0.2,201,1,0.15,failed,solver returned 1,,u,,,,,,
run_0014,visc_on_sensor_u_beta_0p25_cfl_0p2_nx_201_mode_1,4,on,u,0.25,0.2,201,1,0.15,failed,solver returned 1,,p,,,,,,
run_0015,visc_on_sensor_u_beta_0p25_cfl_0p2_nx_501_mode_1,4,on,u,0.25,0.2,501,1,0.15,failed,solver returned 1,,rho,,,,,,
run_0015,visc_on_sensor_u_beta_0p25_cfl_0p2_nx_501_mode_1,4,on,u,0.25,0.2,501,1,0.15,failed,solver returned 1,,u,,,,,,
run_0015,visc_on_sensor_u_beta_0p25_cfl_0p2_nx_501_mode_1,4,on,u,0.25,0.2,501,1,0.15,failed,solver returned 1,,p,,,,,,
run_0016,visc_on_sensor_u_beta_0p25_cfl_0p2_nx_1001_mode_1,4,on,u,0.25,0.2,1001,1,0.15,failed,solver returned 1,,rho,,,,,,
run_0016,visc_on_sensor_u_beta_0p25_cfl_0p2_nx_1001_mode_1,4,on,u,0.25,0.2,1001,1,0.15,failed,solver returned 1,,u,,,,,,
run_0016,visc_on_sensor_u_beta_0p25_cfl_0p2_nx_1001_mode_1,4,on,u,0.25,0.2,1001,1,0.15,failed,solver returned 1,,p,,,,,,
run_0017,visc_on_sensor_u_beta_0p25_cfl_0p5_nx_101_mode_1,4,on,u,0.25,0.5,101,1,0.15,failed,solver returned 1,,rho,,,,,,
run_0017,visc_on_sensor_u_beta_0p25_cfl_0p5_nx_101_mode_1,4,on,u,0.25,0.5,101,1,0.15,failed,solver returned 1,,u,,,,,,
run_0017,visc_on_sensor_u_beta_0p25_cfl_0p5_nx_101_mode_1,4,on,u,0.25,0.5,101,1,0.15,failed,solver returned 1,,p,,,,,,
run_0018,visc_on_sensor_u_beta_0p25_cfl_0p5_nx_201_mode_1,4,on,u,0.25,0.5,201,1,0.15,failed,solver returned 1,,rho,,,,,,
run_0018,visc_on_sensor_u_beta_0p25_cfl_0p5_nx_201_mode_1,4,on,u,0.25,0.5,201,1,0.15,failed,solver returned 1,,u,,,,,,
run_0018,visc_on_sensor_u_beta_0p25_cfl_0p5_nx_201_mode_1,4,on,u,0.25,0.5,201,1,0.15,failed,solver returned 1,,p,,,,,,
run_0019,visc_on_sensor_u_beta_0p25_cfl_0p5_nx_501_mode_1,4,on,u,0.25,0.5,501,1,0.15,failed,solver returned 1,,rho,,,,,,
run_0019,visc_on_sensor_u_beta_0p25_cfl_0p5_nx_501_mode_1,4,on,u,0.25,0.5,501,1,0.15,failed,solver returned 1,,u,,,,,,
run_0019,visc_on_sensor_u_beta_0p25_cfl_0p5_nx_501_mode_1,4,on,u,0.25,0.5,501,1,0.15,failed,solver returned 1,,p,,,,,,
run_0020,visc_on_sensor_u_beta_0p25_cfl_0p5_nx_1001_mode_1,4,on,u,0.25,0.5,1001,1,0.15,failed,solver returned 1,,rho,,,,,,
run_0020,visc_on_sensor_u_beta_0p25_cfl_0p5_nx_1001_mode_1,4,on,u,0.25,0.5,1001,1,0.15,failed,solver returned 1,,u,,,,,,
run_0020,visc_on_sensor_u_beta_0p25_cfl_0p5_nx_1001_mode_1,4,on,u,0.25,0.5,1001,1,0.15,failed,solver returned 1,,p,,,,,,
run_0021,visc_on_sensor_u_beta_0p25_cfl_0p8_nx_101_mode_1,4,on,u,0.25,0.8,101,1,0.15,failed,solver returned 1,,rho,,,,,,
run_0021,visc_on_sensor_u_beta_0p25_cfl_0p8_nx_101_mode_1,4,on,u,0.25,0.8,101,1,0.15,failed,solver returned 1,,u,,,,,,
run_0021,visc_on_sensor_u_beta_0p25_cfl_0p8_nx_101_mode_1,4,on,u,0.25,0.8,101,1,0.15,failed,solver returned 1,,p,,,,,,
run_0022,visc_on_sensor_u_beta_0p25_cfl_0p8_nx_201_mode_1,4,on,u,0.25,0.8,201,1,0.15,failed,solver returned 1,,rho,,,,,,
run_0022,visc_on_sensor_u_beta_0p25_cfl_0p8_nx_201_mode_1,4,on,u,0.25,0.8,201,1,0.15,failed,solver returned 1,,u,,,,,,
run_0022,visc_on_sensor_u_beta_0p25_cfl_0p8_nx_201_mode_1,4,on,u,0.25,0.8,201,1,0.15,failed,solver returned 1,,p,,,,,,
run_0023,visc_on_sensor_u_beta_0p25_cfl_0p8_nx_501_mode_1,4,on,u,0.25,0.8,501,1,0.15,failed,solver returned 1,,rho,,,,,,
run_0023,visc_on_sensor_u_beta_0p25_cfl_0p8_nx_501_mode_1,4,on,u,0.25,0.8,501,1,0.15,failed,solver returned 1,,u,,,,,,
run_0023,visc_on_sensor_u_beta_0p25_cfl_0p8_nx_501_mode_1,4,on,u,0.25,0.8,501,1,0.15,failed,solver returned 1,,p,,,,,,
run_0024,visc_on_sensor_u_beta_0p25_cfl_0p8_nx_1001_mode_1,4,on,u,0.25,0.8,1001,1,0.15,failed,solver returned 1,,rho,,,,,,
run_0024,visc_on_sensor_u_beta_0p25_cfl_0p8_nx_1001_mode_1,4,on,u,0.25,0.8,1001,1,0.15,failed,solver returned 1,,u,,,,,,
run_0024,visc_on_sensor_u_beta_0p25_cfl_0p8_nx_1001_mode_1,4,on,u,0.25,0.8,1001,1,0.15,failed,solver returned 1,,p,,,,,,
run_0025,visc_on_sensor_p_beta_0p25_cfl_0p2_nx_101_mode_1,4,on,p,0.25,0.2,101,1,0.15,failed,solver returned 1,,rho,,,,,,
run_0025,visc_on_sensor_p_beta_0p25_cfl_0p2_nx_101_mode_1,4,on,p,0.25,0.2,101,1,0.15,failed,solver returned 1,,u,,,,,,
run_0025,visc_on_sensor_p_beta_0p25_cfl_0p2_nx_101_mode_1,4,on,p,0.25,0.2,101,1,0.15,failed,solver returned 1,,p,,,,,,
run_0026,visc_on_sensor_p_beta_0p25_cfl_0p2_nx_201_mode_1,4,on,p,0.25,0.2,201,1,0.15,failed,solver returned 1,,rho,,,,,,
run_0026,visc_on_sensor_p_beta_0p25_cfl_0p2_nx_201_mode_1,4,on,p,0.25,0.2,201,1,0.15,failed,solver returned 1,,u,,,,,,
run_0026,visc_on_sensor_p_beta_0p25_cfl_0p2_nx_201_mode_1,4,on,p,0.25,0.2,201,1,0.15,failed,solver returned 1,,p,,,,,,
run_0027,visc_on_sensor_p_beta_0p25_cfl_0p2_nx_501_mode_1,4,on,p,0.25,0.2,501,1,0.15,failed,solver returned 1,,rho,,,,,,
run_0027,visc_on_sensor_p_beta_0p25_cfl_0p2_nx_501_mode_1,4,on,p,0.25,0.2,501,1,0.15,failed,solver returned 1,,u,,,,,,
run_0027,visc_on_sensor_p_beta_0p25_cfl_0p2_nx_501_mode_1,4,on,p,0.25,0.2,501,1,0.15,failed,solver returned 1,,p,,,,,,
run_0028,visc_on_sensor_p_beta_0p25_cfl_0p2_nx_1001_mode_1,4,on,p,0.25,0.2,1001,1,0.15,failed,solver returned 1,,rho,,,,,,
run_0028,visc_on_sensor_p_beta_0p25_cfl_0p2_nx_1001_mode_1,4,on,p,0.25,0.2,1001,1,0.15,failed,solver returned 1,,u,,,,,,
run_0028,visc_on_sensor_p_beta_0p25_cfl_0p2_nx_1001_mode_1,4,on,p,0.25,0.2,1001,1,0.15,failed,solver returned 1,,p,,,,,,
run_0029,visc_on_sensor_p_beta_0p25_cfl_0p5_nx_101_mode_1,4,on,p,0.25,0.5,101,1,0.15,failed,solver returned 1,,rho,,,,,,
run_0029,visc_on_sensor_p_beta_0p25_cfl_0p5_nx_101_mode_1,4,on,p,0.25,0.5,101,1,0.15,failed,solver returned 1,,u,,,,,,
run_0029,visc_on_sensor_p_beta_0p25_cfl_0p5_nx_101_mode_1,4,on,p,0.25,0.5,101,1,0.15,failed,solver returned 1,,p,,,,,,
run_0030,visc_on_sensor_p_beta_0p25_cfl_0p5_nx_201_mode_1,4,on,p,0.25,0.5,201,1,0.15,failed,solver returned 1,,rho,,,,,,
run_0030,visc_on_sensor_p_beta_0p25_cfl_0p5_nx_201_mode_1,4,on,p,0.25,0.5,201,1,0.15,failed,solver returned 1,,u,,,,,,
run_0030,visc_on_sensor_p_beta_0p25_cfl_0p5_nx_201_mode_1,4,on,p,0.25,0.5,201,1,0.15,failed,solver returned 1,,p,,,,,,
run_0031,visc_on_sensor_p_beta_0p25_cfl_0p5_nx_501_mode_1,4,on,p,0.25,0.5,501,1,0.15,failed,solver returned 1,,rho,,,,,,
run_0031,visc_on_sensor_p_beta_0p25_cfl_0p5_nx_501_mode_1,4,on,p,0.25,0.5,501,1,0.15,failed,solver returned 1,,u,,,,,,
run_0031,visc_on_sensor_p_beta_0p25_cfl_0p5_nx_501_mode_1,4,on,p,0.25,0.5,501,1,0.15,failed,solver returned 1,,p,,,,,,
run_0032,visc_on_sensor_p_beta_0p25_cfl_0p5_nx_1001_mode_1,4,on,p,0.25,0.5,1001,1,0.15,failed,solver returned 1,,rho,,,,,,
run_0032,visc_on_sensor_p_beta_0p25_cfl_0p5_nx_1001_mode_1,4,on,p,0.25,0.5,1001,1,0.15,failed,solver returned 1,,u,,,,,,
run_0032,visc_on_sensor_p_beta_0p25_cfl_0p5_nx_1001_mode_1,4,on,p,0.25,0.5,1001,1,0.15,failed,solver returned 1,,p,,,,,,
run_0033,visc_on_sensor_p_beta_0p25_cfl_0p8_nx_101_mode_1,4,on,p,0.25,0.8,101,1,0.15,failed,solver returned 1,,rho,,,,,,
run_0033,visc_on_sensor_p_beta_0p25_cfl_0p8_nx_101_mode_1,4,on,p,0.25,0.8,101,1,0.15,failed,solver returned 1,,u,,,,,,
run_0033,visc_on_sensor_p_beta_0p25_cfl_0p8_nx_101_mode_1,4,on,p,0.25,0.8,101,1,0.15,failed,solver returned 1,,p,,,,,,
run_0034,visc_on_sensor_p_beta_0p25_cfl_0p8_nx_201_mode_1,4,on,p,0.25,0.8,201,1,0.15,failed,solver returned 1,,rho,,,,,,
run_0034,visc_on_sensor_p_beta_0p25_cfl_0p8_nx_201_mode_1,4,on,p,0.25,0.8,201,1,0.15,failed,solver returned 1,,u,,,,,,
run_0034,visc_on_sensor_p_beta_0p25_cfl_0p8_nx_201_mode_1,4,on,p,0.25,0.8,201,1,0.15,failed,solver returned 1,,p,,,,,,
run_0035,visc_on_sensor_p_beta_0p25_cfl_0p8_nx_501_mode_1,4,on,p,0.25,0.8,501,1,0.15,failed,solver returned 1,,rho,,,,,,
run_0035,visc_on_sensor_p_beta_0p25_cfl_0p8_nx_501_mode_1,4,on,p,0.25,0.8,501,1,0.15,failed,solver returned 1,,u,,,,,,
run_0035,visc_on_sensor_p_beta_0p25_cfl_0p8_nx_501_mode_1,4,on,p,0.25,0.8,501,1,0.15,failed,solver returned 1,,p,,,,,,
run_0036,visc_on_sensor_p_beta_0p25_cfl_0p8_nx_1001_mode_1,4,on,p,0.25,0.8,1001,1,0.15,failed,solver returned 1,,rho,,,,,,
run_0036,visc_on_sensor_p_beta_0p25_cfl_0p8_nx_1001_mode_1,4,on,p,0.25,0.8,1001,1,0.15,failed,solver returned 1,,u,,,,,,
run_0036,visc_on_sensor_p_beta_0p25_cfl_0p8_nx_1001_mode_1,4,on,p,0.25,0.8,1001,1,0.15,failed,solver returned 1,,p,,,,,,
run_0037,visc_on_sensor_rho_beta_0p5_cfl_0p2_nx_101_mode_1,4,on,rho,0.5,0.2,101,1,0.15,failed,solver returned 1,,rho,,,,,,
run_0037,visc_on_sensor_rho_beta_0p5_cfl_0p2_nx_101_mode_1,4,on,rho,0.5,0.2,101,1,0.15,failed,solver returned 1,,u,,,,,,
run_0037,visc_on_sensor_rho_beta_0p5_cfl_0p2_nx_101_mode_1,4,on,rho,0.5,0.2,101,1,0.15,failed,solver returned 1,,p,,,,,,
run_0038,visc_on_sensor_rho_beta_0p5_cfl_0p2_nx_201_mode_1,4,on,rho,0.5,0.2,201,1,0.15,failed,solver returned 1,,rho,,,,,,
run_0038,visc_on_sensor_rho_beta_0p5_cfl_0p2_nx_201_mode_1,4,on,rho,0.5,0.2,201,1,0.15,failed,solver returned 1,,u,,,,,,
run_0038,visc_on_sensor_rho_beta_0p5_cfl_0p2_nx_201_mode_1,4,on,rho,0.5,0.2,201,1,0.15,failed,solver returned 1,,p,,,,,,
run_0039,visc_on_sensor_rho_beta_0p5_cfl_0p2_nx_501_mode_1,4,on,rho,0.5,0.2,501,1,0.15,failed,solver returned 1,,rho,,,,,,
run_0039,visc_on_sensor_rho_beta_0p5_cfl_0p2_nx_501_mode_1,4,on,rho,0.5,0.2,501,1,0.15,failed,solver returned 1,,u,,,,,,
run_0039,visc_on_sensor_rho_beta_0p5_cfl_0p2_nx_501_mode_1,4,on,rho,0.5,0.2,501,1,0.15,failed,solver returned 1,,p,,,,,,
run_0040,visc_on_sensor_rho_beta_0p5_cfl_0p2_nx_1001_mode_1,4,on,rho,0.5,0.2,1001,1,0.15,failed,solver returned 1,,rho,,,,,,
run_0040,visc_on_sensor_rho_beta_0p5_cfl_0p2_nx_1001_mode_1,4,on,rho,0.5,0.2,1001,1,0.15,failed,solver returned 1,,u,,,,,,
run_0040,visc_on_sensor_rho_beta_0p5_cfl_0p2_nx_1001_mode_1,4,on,rho,0.5,0.2,1001,1,0.15,failed,solver returned 1,,p,,,,,,
run_0041,visc_on_sensor_rho_beta_0p5_cfl_0p5_nx_101_mode_1,4,on,rho,0.5,0.5,101,1,0.15,failed,solver returned 1,,rho,,,,,,
run_0041,visc_on_sensor_rho_beta_0p5_cfl_0p5_nx_101_mode_1,4,on,rho,0.5,0.5,101,1,0.15,failed,solver returned 1,,u,,,,,,
run_0041,visc_on_sensor_rho_beta_0p5_cfl_0p5_nx_101_mode_1,4,on,rho,0.5,0.5,101,1,0.15,failed,solver returned 1,,p,,,,,,
run_0042,visc_on_sensor_rho_beta_0p5_cfl_0p5_nx_201_mode_1,4,on,rho,0.5,0.5,201,1,0.15,failed,solver returned 1,,rho,,,,,,
run_0042,visc_on_sensor_rho_beta_0p5_cfl_0p5_nx_201_mode_1,4,on,rho,0.5,0.5,201,1,0.15,failed,solver returned 1,,u,,,,,,
run_0042,visc_on_sensor_rho_beta_0p5_cfl_0p5_nx_201_mode_1,4,on,rho,0.5,0.5,201,1,0.15,failed,solver returned 1,,p,,,,,,
run_0043,visc_on_sensor_rho_beta_0p5_cfl_0p5_nx_501_mode_1,4,on,rho,0.5,0.5,501,1,0.15,failed,solver returned 1,,rho,,,,,,
run_0043,visc_on_sensor_rho_beta_0p5_cfl_0p5_nx_501_mode_1,4,on,rho,0.5,0.5,501,1,0.15,failed,solver returned 1,,u,,,,,,
run_0043,visc_on_sensor_rho_beta_0p5_cfl_0p5_nx_501_mode_1,4,on,rho,0.5,0.5,501,1,0.15,failed,solver returned 1,,p,,,,,,
run_0044,visc_on_sensor_rho_beta_0p5_cfl_0p5_nx_1001_mode_1,4,on,rho,0.5,0.5,1001,1,0.15,failed,solver returned 1,,rho,,,,,,
run_0044,visc_on_sensor_rho_beta_0p5_cfl_0p5_nx_1001_mode_1,4,on,rho,0.5,0.5,1001,1,0.15,failed,solver returned 1,,u,,,,,,
run_0044,visc_on_sensor_rho_beta_0p5_cfl_0p5_nx_1001_mode_1,4,on,rho,0.5,0.5,1001,1,0.15,failed,solver returned 1,,p,,,,,,
run_0045,visc_on_sensor_rho_beta_0p5_cfl_0p8_nx_101_mode_1,4,on,rho,0.5,0.8,101,1,0.15,failed,solver returned 1,,rho,,,,,,
run_0045,visc_on_sensor_rho_beta_0p5_cfl_0p8_nx_101_mode_1,4,on,rho,0.5,0.8,101,1,0.15,failed,solver returned 1,,u,,,,,,
run_0045,visc_on_sensor_rho_beta_0p5_cfl_0p8_nx_101_mode_1,4,on,rho,0.5,0.8,101,1,0.15,failed,solver returned 1,,p,,,,,,
run_0046,visc_on_sensor_rho_beta_0p5_cfl_0p8_nx_201_mode_1,4,on,rho,0.5,0.8,201,1,0.15,failed,solver returned 1,,rho,,,,,,
run_0046,visc_on_sensor_rho_beta_0p5_cfl_0p8_nx_201_mode_1,4,on,rho,0.5,0.8,201,1,0.15,failed,solver returned 1,,u,,,,,,
run_0046,visc_on_sensor_rho_beta_0p5_cfl_0p8_nx_201_mode_1,4,on,rho,0.5,0.8,201,1,0.15,failed,solver returned 1,,p,,,,,,
run_0047,visc_on_sensor_rho_beta_0p5_cfl_0p8_nx_501_mode_1,4,on,rho,0.5,0.8,501,1,0.15,failed,solver returned 1,,rho,,,,,,
run_0047,visc_on_sensor_rho_beta_0p5_cfl_0p8_nx_501_mode_1,4,on,rho,0.5,0.8,501,1,0.15,failed,solver returned 1,,u,,,,,,
run_0047,visc_on_sensor_rho_beta_0p5_cfl_0p8_nx_501_mode_1,4,on,rho,0.5,0.8,501,1,0.15,failed,solver returned 1,,p,,,,,,
run_0048,visc_on_sensor_rho_beta_0p5_cfl_0p8_nx_1001_mode_1,4,on,rho,0.5,0.8,1001,1,0.15,failed,solver returned 1,,rho,,,,,,
run_0048,visc_on_sensor_rho_beta_0p5_cfl_0p8_nx_1001_mode_1,4,on,rho,0.5,0.8,1001,1,0.15,failed,solver returned 1,,u,,,,,,
run_0048,visc_on_sensor_rho_beta_0p5_cfl_0p8_nx_1001_mode_1,4,on,rho,0.5,0.8,1001,1,0.15,failed,solver returned 1,,p,,,,,,
run_0049,visc_on_sensor_u_beta_0p5_cfl_0p2_nx_101_mode_1,4,on,u,0.5,0.2,101,1,0.15,failed,solver returned 1,,rho,,,,,,
run_0049,visc_on_sensor_u_beta_0p5_cfl_0p2_nx_101_mode_1,4,on,u,0.5,0.2,101,1,0.15,failed,solver returned 1,,u,,,,,,
run_0049,visc_on_sensor_u_beta_0p5_cfl_0p2_nx_101_mode_1,4,on,u,0.5,0.2,101,1,0.15,failed,solver returned 1,,p,,,,,,
run_0050,visc_on_sensor_u_beta_0p5_cfl_0p2_nx_201_mode_1,4,on,u,0.5,0.2,201,1,0.15,failed,solver returned 1,,rho,,,,,,
run_0050,visc_on_sensor_u_beta_0p5_cfl_0p2_nx_201_mode_1,4,on,u,0.5,0.2,201,1,0.15,failed,solver returned 1,,u,,,,,,
run_0050,visc_on_sensor_u_beta_0p5_cfl_0p2_nx_201_mode_1,4,on,u,0.5,0.2,201,1,0.15,failed,solver returned 1,,p,,,,,,
run_0051,visc_on_sensor_u_beta_0p5_cfl_0p2_nx_501_mode_1,4,on,u,0.5,0.2,501,1,0.15,failed,solver returned 1,,rho,,,,,,
run_0051,visc_on_sensor_u_beta_0p5_cfl_0p2_nx_501_mode_1,4,on,u,0.5,0.2,501,1,0.15,failed,solver returned 1,,u,,,,,,
run_0051,visc_on_sensor_u_beta_0p5_cfl_0p2_nx_501_mode_1,4,on,u,0.5,0.2,501,1,0.15,failed,solver returned 1,,p,,,,,,
run_0052,visc_on_sensor_u_beta_0p5_cfl_0p2_nx_1001_mode_1,4,on,u,0.5,0.2,1001,1,0.15,failed,solver returned 1,,rho,,,,,,
run_0052,visc_on_sensor_u_beta_0p5_cfl_0p2_nx_1001_mode_1,4,on,u,0.5,0.2,1001,1,0.15,failed,solver returned 1,,u,,,,,,
run_0052,visc_on_sensor_u_beta_0p5_cfl_0p2_nx_1001_mode_1,4,on,u,0.5,0.2,1001,1,0.15,failed,solver returned 1,,p,,,,,,
run_0053,visc_on_sensor_u_beta_0p5_cfl_0p5_nx_101_mode_1,4,on,u,0.5,0.5,101,1,0.15,failed,solver returned 1,,rho,,,,,,
run_0053,visc_on_sensor_u_beta_0p5_cfl_0p5_nx_101_mode_1,4,on,u,0.5,0.5,101,1,0.15,failed,solver returned 1,,u,,,,,,
run_0053,visc_on_sensor_u_beta_0p5_cfl_0p5_nx_101_mode_1,4,on,u,0.5,0.5,101,1,0.15,failed,solver returned 1,,p,,,,,,
run_0054,visc_on_sensor_u_beta_0p5_cfl_0p5_nx_201_mode_1,4,on,u,0.5,0.5,201,1,0.15,failed,solver returned 1,,rho,,,,,,
run_0054,visc_on_sensor_u_beta_0p5_cfl_0p5_nx_201_mode_1,4,on,u,0.5,0.5,201,1,0.15,failed,solver returned 1,,u,,,,,,
run_0054,visc_on_sensor_u_beta_0p5_cfl_0p5_nx_201_mode_1,4,on,u,0.5,0.5,201,1,0.15,failed,solver returned 1,,p,,,,,,
run_0055,visc_on_sensor_u_beta_0p5_cfl_0p5_nx_501_mode_1,4,on,u,0.5,0.5,501,1,0.15,failed,solver returned 1,,rho,,,,,,
run_0055,visc_on_sensor_u_beta_0p5_cfl_0p5_nx_501_mode_1,4,on,u,0.5,0.5,501,1,0.15,failed,solver returned 1,,u,,,,,,
run_0055,visc_on_sensor_u_beta_0p5_cfl_0p5_nx_501_mode_1,4,on,u,0.5,0.5,501,1,0.15,failed,solver returned 1,,p,,,,,,
run_0056,visc_on_sensor_u_beta_0p5_cfl_0p5_nx_1001_mode_1,4,on,u,0.5,0.5,1001,1,0.15,failed,solver returned 1,,rho,,,,,,
run_0056,visc_on_sensor_u_beta_0p5_cfl_0p5_nx_1001_mode_1,4,on,u,0.5,0.5,1001,1,0.15,failed,solver returned 1,,u,,,,,,
run_0056,visc_on_sensor_u_beta_0p5_cfl_0p5_nx_1001_mode_1,4,on,u,0.5,0.5,1001,1,0.15,failed,solver returned 1,,p,,,,,,
run_0057,visc_on_sensor_u_beta_0p5_cfl_0p8_nx_101_mode_1,4,on,u,0.5,0.8,101,1,0.15,failed,solver returned 1,,rho,,,,,,
run_0057,visc_on_sensor_u_beta_0p5_cfl_0p8_nx_101_mode_1,4,on,u,0.5,0.8,101,1,0.15,failed,solver returned 1,,u,,,,,,
run_0057,visc_on_sensor_u_beta_0p5_cfl_0p8_nx_101_mode_1,4,on,u,0.5,0.8,101,1,0.15,failed,solver returned 1,,p,,,,,,
run_0058,visc_on_sensor_u_beta_0p5_cfl_0p8_nx_201_mode_1,4,on,u,0.5,0.8,201,1,0.15,failed,solver returned 1,,rho,,,,,,
run_0058,visc_on_sensor_u_beta_0p5_cfl_0p8_nx_201_mode_1,4,on,u,0.5,0.8,201,1,0.15,failed,solver returned 1,,u,,,,,,
run_0058,visc_on_sensor_u_beta_0p5_cfl_0p8_nx_201_mode_1,4,on,u,0.5,0.8,201,1,0.15,failed,solver returned 1,,p,,,,,,
run_0059,visc_on_sensor_u_beta_0p5_cfl_0p8_nx_501_mode_1,4,on,u,0.5,0.8,501,1,0.15,failed,solver returned 1,,rho,,,,,,
run_0059,visc_on_sensor_u_beta_0p5_cfl_0p8_nx_501_mode_1,4,on,u,0.5,0.8,501,1,0.15,failed,solver returned 1,,u,,,,,,
run_0059,visc_on_sensor_u_beta_0p5_cfl_0p8_nx_501_mode_1,4,on,u,0.5,0.8,501,1,0.15,failed,solver returned 1,,p,,,,,,
run_0060,visc_on_sensor_u_beta_0p5_cfl_0p8_nx_1001_mode_1,4,on,u,0.5,0.8,1001,1,0.15,failed,solver returned 1,,rho,,,,,,
run_0060,visc_on_sensor_u_beta_0p5_cfl_0p8_nx_1001_mode_1,4,on,u,0.5,0.8,1001,1,0.15,failed,solver returned 1,,u,,,,,,
run_0060,visc_on_sensor_u_beta_0p5_cfl_0p8_nx_1001_mode_1,4,on,u,0.5,0.8,1001,1,0.15,failed,solver returned 1,,p,,,,,,
run_0061,visc_on_sensor_p_beta_0p5_cfl_0p2_nx_101_mode_1,4,on,p,0.5,0.2,101,1,0.15,failed,solver returned 1,,rho,,,,,,
run_0061,visc_on_sensor_p_beta_0p5_cfl_0p2_nx_101_mode_1,4,on,p,0.5,0.2,101,1,0.15,failed,solver returned 1,,u,,,,,,
run_0061,visc_on_sensor_p_beta_0p5_cfl_0p2_nx_101_mode_1,4,on,p,0.5,0.2,101,1,0.15,failed,solver returned 1,,p,,,,,,
run_0062,visc_on_sensor_p_beta_0p5_cfl_0p2_nx_201_mode_1,4,on,p,0.5,0.2,201,1,0.15,failed,solver returned 1,,rho,,,,,,
run_0062,visc_on_sensor_p_beta_0p5_cfl_0p2_nx_201_mode_1,4,on,p,0.5,0.2,201,1,0.15,failed,solver returned 1,,u,,,,,,
run_0062,visc_on_sensor_p_beta_0p5_cfl_0p2_nx_201_mode_1,4,on,p,0.5,0.2,201,1,0.15,failed,solver returned 1,,p,,,,,,
run_0063,visc_on_sensor_p_beta_0p5_cfl_0p2_nx_501_mode_1,4,on,p,0.5,0.2,501,1,0.15,failed,solver returned 1,,rho,,,,,,
run_0063,visc_on_sensor_p_beta_0p5_cfl_0p2_nx_501_mode_1,4,on,p,0.5,0.2,501,1,0.15,failed,solver returned 1,,u,,,,,,
run_0063,visc_on_sensor_p_beta_0p5_cfl_0p2_nx_501_mode_1,4,on,p,0.5,0.2,501,1,0.15,failed,solver returned 1,,p,,,,,,
run_0064,visc_on_sensor_p_beta_0p5_cfl_0p2_nx_1001_mode_1,4,on,p,0.5,0.2,1001,1,0.15,failed,solver returned 1,,rho,,,,,,
run_0064,visc_on_sensor_p_beta_0p5_cfl_0p2_nx_1001_mode_1,4,on,p,0.5,0.2,1001,1,0.15,failed,solver returned 1,,u,,,,,,
run_0064,visc_on_sensor_p_beta_0p5_cfl_0p2_nx_1001_mode_1,4,on,p,0.5,0.2,1001,1,0.15,failed,solver returned 1,,p,,,,,,
run_0065,visc_on_sensor_p_beta_0p5_cfl_0p5_nx_101_mode_1,4,on,p,0.5,0.5,101,1,0.15,failed,solver returned 1,,rho,,,,,,
run_0065,visc_on_sensor_p_beta_0p5_cfl_0p5_nx_101_mode_1,4,on,p,0.5,0.5,101,1,0.15,failed,solver returned 1,,u,,,,,,
run_0065,visc_on_sensor_p_beta_0p5_cfl_0p5_nx_101_mode_1,4,on,p,0.5,0.5,101,1,0.15,failed,solver returned 1,,p,,,,,,
run_0066,visc_on_sensor_p_beta_0p5_cfl_0p5_nx_201_mode_1,4,on,p,0.5,0.5,201,1,0.15,failed,solver returned 1,,rho,,,,,,
run_0066,visc_on_sensor_p_beta_0p5_cfl_0p5_nx_201_mode_1,4,on,p,0.5,0.5,201,1,0.15,failed,solver returned 1,,u,,,,,,
run_0066,visc_on_sensor_p_beta_0p5_cfl_0p5_nx_201_mode_1,4,on,p,0.5,0.5,201,1,0.15,failed,solver returned 1,,p,,,,,,
run_0067,visc_on_sensor_p_beta_0p5_cfl_0p5_nx_501_mode_1,4,on,p,0.5,0.5,501,1,0.15,failed,solver returned 1,,rho,,,,,,
run_0067,visc_on_sensor_p_beta_0p5_cfl_0p5_nx_501_mode_1,4,on,p,0.5,0.5,501,1,0.15,failed,solver returned 1,,u,,,,,,
run_0067,visc_on_sensor_p_beta_0p5_cfl_0p5_nx_501_mode_1,4,on,p,0.5,0.5,501,1,0.15,failed,solver returned 1,,p,,,,,,
run_0068,visc_on_sensor_p_beta_0p5_cfl_0p5_nx_1001_mode_1,4,on,p,0.5,0.5,1001,1,0.15,failed,solver returned 1,,rho,,,,,,
run_0068,visc_on_sensor_p_beta_0p5_cfl_0p5_nx_1001_mode_1,4,on,p,0.5,0.5,1001,1,0.15,failed,solver returned 1,,u,,,,,,
run_0068,visc_on_sensor_p_beta_0p5_cfl_0p5_nx_1001_mode_1,4,on,p,0.5,0.5,1001,1,0.15,failed,solver returned 1,,p,,,,,,
run_0069,visc_on_sensor_p_beta_0p5_cfl_0p8_nx_101_mode_1,4,on,p,0.5,0.8,101,1,0.15,failed,solver returned 1,,rho,,,,,,
run_0069,visc_on_sensor_p_beta_0p5_cfl_0p8_nx_101_mode_1,4,on,p,0.5,0.8,101,1,0.15,failed,solver returned 1,,u,,,,,,
run_0069,visc_on_sensor_p_beta_0p5_cfl_0p8_nx_101_mode_1,4,on,p,0.5,0.8,101,1,0.15,failed,solver returned 1,,p,,,,,,
run_0070,visc_on_sensor_p_beta_0p5_cfl_0p8_nx_201_mode_1,4,on,p,0.5,0.8,201,1,0.15,failed,solver returned 1,,rho,,,,,,
run_0070,visc_on_sensor_p_beta_0p5_cfl_0p8_nx_201_mode_1,4,on,p,0.5,0.8,201,1,0.15,failed,solver returned 1,,u,,,,,,
run_0070,visc_on_sensor_p_beta_0p5_cfl_0p8_nx_201_mode_1,4,on,p,0.5,0.8,201,1,0.15,failed,solver returned 1,,p,,,,,,
run_0071,visc_on_sensor_p_beta_0p5_cfl_0p8_nx_501_mode_1,4,on,p,0.5,0.8,501,1,0.15,failed,solver returned 1,,rho,,,,,,
run_0071,visc_on_sensor_p_beta_0p5_cfl_0p8_nx_501_mode_1,4,on,p,0.5,0.8,501,1,0.15,failed,solver returned 1,,u,,,,,,
run_0071,visc_on_sensor_p_beta_0p5_cfl_0p8_nx_501_mode_1,4,on,p,0.5,0.8,501,1,0.15,failed,solver returned 1,,p,,,,,,
run_0072,visc_on_sensor_p_beta_0p5_cfl_0p8_nx_1001_mode_1,4,on,p,0.5,0.8,1001,1,0.15,failed,solver returned 1,,rho,,,,,,
run_0072,visc_on_sensor_p_beta_0p5_cfl_0p8_nx_1001_mode_1,4,on,p,0.5,0.8,1001,1,0.15,failed,solver returned 1,,u,,,,,,
run_0072,visc_on_sensor_p_beta_0p5_cfl_0p8_nx_1001_mode_1,4,on,p,0.5,0.8,1001,1,0.15,failed,solver returned 1,,p,,,,,,
run_0073,visc_on_sensor_rho_beta_0p75_cfl_0p2_nx_101_mode_1,4,on,rho,0.75,0.2,101,1,0.15,failed,solver returned 1,,rho,,,,,,
run_0073,visc_on_sensor_rho_beta_0p75_cfl_0p2_nx_101_mode_1,4,on,rho,0.75,0.2,101,1,0.15,failed,solver returned 1,,u,,,,,,
run_0073,visc_on_sensor_rho_beta_0p75_cfl_0p2_nx_101_mode_1,4,on,rho,0.75,0.2,101,1,0.15,failed,solver returned 1,,p,,,,,,
run_0074,visc_on_sensor_rho_beta_0p75_cfl_0p2_nx_201_mode_1,4,on,rho,0.75,0.2,201,1,0.15,failed,solver returned 1,,rho,,,,,,
run_0074,visc_on_sensor_rho_beta_0p75_cfl_0p2_nx_201_mode_1,4,on,rho,0.75,0.2,201,1,0.15,failed,solver returned 1,,u,,,,,,
run_0074,visc_on_sensor_rho_beta_0p75_cfl_0p2_nx_201_mode_1,4,on,rho,0.75,0.2,201,1,0.15,failed,solver returned 1,,p,,,,,,
run_0075,visc_on_sensor_rho_beta_0p75_cfl_0p2_nx_501_mode_1,4,on,rho,0.75,0.2,501,1,0.15,failed,solver returned 1,,rho,,,,,,
run_0075,visc_on_sensor_rho_beta_0p75_cfl_0p2_nx_501_mode_1,4,on,rho,0.75,0.2,501,1,0.15,failed,solver returned 1,,u,,,,,,
run_0075,visc_on_sensor_rho_beta_0p75_cfl_0p2_nx_501_mode_1,4,on,rho,0.75,0.2,501,1,0.15,failed,solver returned 1,,p,,,,,,
run_0076,visc_on_sensor_rho_beta_0p75_cfl_0p2_nx_1001_mode_1,4,on,rho,0.75,0.2,1001,1,0.15,failed,solver returned 1,,rho,,,,,,
run_0076,visc_on_sensor_rho_beta_0p75_cfl_0p2_nx_1001_mode_1,4,on,rho,0.75,0.2,1001,1,0.15,failed,solver returned 1,,u,,,,,,
run_0076,visc_on_sensor_rho_beta_0p75_cfl_0p2_nx_1001_mode_1,4,on,rho,0.75,0.2,1001,1,0.15,failed,solver returned 1,,p,,,,,,
run_0077,visc_on_sensor_rho_beta_0p75_cfl_0p5_nx_101_mode_1,4,on,rho,0.75,0.5,101,1,0.15,failed,solver returned 1,,rho,,,,,,
run_0077,visc_on_sensor_rho_beta_0p75_cfl_0p5_nx_101_mode_1,4,on,rho,0.75,0.5,101,1,0.15,failed,solver returned 1,,u,,,,,,
run_0077,visc_on_sensor_rho_beta_0p75_cfl_0p5_nx_101_mode_1,4,on,rho,0.75,0.5,101,1,0.15,failed,solver returned 1,,p,,,,,,
run_0078,visc_on_sensor_rho_beta_0p75_cfl_0p5_nx_201_mode_1,4,on,rho,0.75,0.5,201,1,0.15,failed,solver returned 1,,rho,,,,,,
run_0078,visc_on_sensor_rho_beta_0p75_cfl_0p5_nx_201_mode_1,4,on,rho,0.75,0.5,201,1,0.15,failed,solver returned 1,,u,,,,,,
run_0078,visc_on_sensor_rho_beta_0p75_cfl_0p5_nx_201_mode_1,4,on,rho,0.75,0.5,201,1,0.15,failed,solver returned 1,,p,,,,,,
run_0079,visc_on_sensor_rho_beta_0p75_cfl_0p5_nx_501_mode_1,4,on,rho,0.75,0.5,501,1,0.15,failed,solver returned 1,,rho,,,,,,
run_0079,visc_on_sensor_rho_beta_0p75_cfl_0p5_nx_501_mode_1,4,on,rho,0.75,0.5,501,1,0.15,failed,solver returned 1,,u,,,,,,
run_0079,visc_on_sensor_rho_beta_0p75_cfl_0p5_nx_501_mode_1,4,on,rho,0.75,0.5,501,1,0.15,failed,solver returned 1,,p,,,,,,
run_0080,visc_on_sensor_rho_beta_0p75_cfl_0p5_nx_1001_mode_1,4,on,rho,0.75,0.5,1001,1,0.15,failed,solver returned 1,,rho,,,,,,
run_0080,visc_on_sensor_rho_beta_0p75_cfl_0p5_nx_1001_mode_1,4,on,rho,0.75,0.5,1001,1,0.15,failed,solver returned 1,,u,,,,,,
run_0080,visc_on_sensor_rho_beta_0p75_cfl_0p5_nx_1001_mode_1,4,on,rho,0.75,0.5,1001,1,0.15,failed,solver returned 1,,p,,,,,,
run_0081,visc_on_sensor_rho_beta_0p75_cfl_0p8_nx_101_mode_1,4,on,rho,0.75,0.8,101,1,0.15,failed,solver returned 1,,rho,,,,,,
run_0081,visc_on_sensor_rho_beta_0p75_cfl_0p8_nx_101_mode_1,4,on,rho,0.75,0.8,101,1,0.15,failed,solver returned 1,,u,,,,,,
run_0081,visc_on_sensor_rho_beta_0p75_cfl_0p8_nx_101_mode_1,4,on,rho,0.75,0.8,101,1,0.15,failed,solver returned 1,,p,,,,,,
run_0082,visc_on_sensor_rho_beta_0p75_cfl_0p8_nx_201_mode_1,4,on,rho,0.75,0.8,201,1,0.15,failed,solver returned 1,,rho,,,,,,
run_0082,visc_on_sensor_rho_beta_0p75_cfl_0p8_nx_201_mode_1,4,on,rho,0.75,0.8,201,1,0.15,failed,solver returned 1,,u,,,,,,
run_0082,visc_on_sensor_rho_beta_0p75_cfl_0p8_nx_201_mode_1,4,on,rho,0.75,0.8,201,1,0.15,failed,solver returned 1,,p,,,,,,
run_0083,visc_on_sensor_rho_beta_0p75_cfl_0p8_nx_501_mode_1,4,on,rho,0.75,0.8,501,1,0.15,failed,solver returned 1,,rho,,,,,,
run_0083,visc_on_sensor_rho_beta_0p75_cfl_0p8_nx_501_mode_1,4,on,rho,0.75,0.8,501,1,0.15,failed,solver returned 1,,u,,,,,,
run_0083,visc_on_sensor_rho_beta_0p75_cfl_0p8_nx_501_mode_1,4,on,rho,0.75,0.8,501,1,0.15,failed,solver returned 1,,p,,,,,,
run_0084,visc_on_sensor_rho_beta_0p75_cfl_0p8_nx_1001_mode_1,4,on,rho,0.75,0.8,1001,1,0.15,failed,solver returned 1,,rho,,,,,,
run_0084,visc_on_sensor_rho_beta_0p75_cfl_0p8_nx_1001_mode_1,4,on,rho,0.75,0.8,1001,1,0.15,failed,solver returned 1,,u,,,,,,
run_0084,visc_on_sensor_rho_beta_0p75_cfl_0p8_nx_1001_mode_1,4,on,rho,0.75,0.8,1001,1,0.15,failed,solver returned 1,,p,,,,,,
run_0085,visc_on_sensor_u_beta_0p75_cfl_0p2_nx_101_mode_1,4,on,u,0.75,0.2,101,1,0.15,failed,solver returned 1,,rho,,,,,,
run_0085,visc_on_sensor_u_beta_0p75_cfl_0p2_nx_101_mode_1,4,on,u,0.75,0.2,101,1,0.15,failed,solver returned 1,,u,,,,,,
run_0085,visc_on_sensor_u_beta_0p75_cfl_0p2_nx_101_mode_1,4,on,u,0.75,0.2,101,1,0.15,failed,solver returned 1,,p,,,,,,
run_0086,visc_on_sensor_u_beta_0p75_cfl_0p2_nx_201_mode_1,4,on,u,0.75,0.2,201,1,0.15,failed,solver returned 1,,rho,,,,,,
run_0086,visc_on_sensor_u_beta_0p75_cfl_0p2_nx_201_mode_1,4,on,u,0.75,0.2,201,1,0.15,failed,solver returned 1,,u,,,,,,
run_0086,visc_on_sensor_u_beta_0p75_cfl_0p2_nx_201_mode_1,4,on,u,0.75,0.2,201,1,0.15,failed,solver returned 1,,p,,,,,,
run_0087,visc_on_sensor_u_beta_0p75_cfl_0p2_nx_501_mode_1,4,on,u,0.75,0.2,501,1,0.15,failed,solver returned 1,,rho,,,,,,
run_0087,visc_on_sensor_u_beta_0p75_cfl_0p2_nx_501_mode_1,4,on,u,0.75,0.2,501,1,0.15,failed,solver returned 1,,u,,,,,,
run_0087,visc_on_sensor_u_beta_0p75_cfl_0p2_nx_501_mode_1,4,on,u,0.75,0.2,501,1,0.15,failed,solver returned 1,,p,,,,,,
run_0088,visc_on_sensor_u_beta_0p75_cfl_0p2_nx_1001_mode_1,4,on,u,0.75,0.2,1001,1,0.15,failed,solver returned 1,,rho,,,,,,
run_0088,visc_on_sensor_u_beta_0p75_cfl_0p2_nx_1001_mode_1,4,on,u,0.75,0.2,1001,1,0.15,failed,solver returned 1,,u,,,,,,
run_0088,visc_on_sensor_u_beta_0p75_cfl_0p2_nx_1001_mode_1,4,on,u,0.75,0.2,1001,1,0.15,failed,solver returned 1,,p,,,,,,
run_0089,visc_on_sensor_u_beta_0p75_cfl_0p5_nx_101_mode_1,4,on,u,0.75,0.5,101,1,0.15,failed,solver returned 1,,rho,,,,,,
run_0089,visc_on_sensor_u_beta_0p75_cfl_0p5_nx_101_mode_1,4,on,u,0.75,0.5,101,1,0.15,failed,solver returned 1,,u,,,,,,
run_0089,visc_on_sensor_u_beta_0p75_cfl_0p5_nx_101_mode_1,4,on,u,0.75,0.5,101,1,0.15,failed,solver returned 1,,p,,,,,,
run_0090,visc_on_sensor_u_beta_0p75_cfl_0p5_nx_201_mode_1,4,on,u,0.75,0.5,201,1,0.15,failed,solver returned 1,,rho,,,,,,
run_0090,visc_on_sensor_u_beta_0p75_cfl_0p5_nx_201_mode_1,4,on,u,0.75,0.5,201,1,0.15,failed,solver returned 1,,u,,,,,,
run_0090,visc_on_sensor_u_beta_0p75_cfl_0p5_nx_201_mode_1,4,on,u,0.75,0.5,201,1,0.15,failed,solver returned 1,,p,,,,,,
run_0091,visc_on_sensor_u_beta_0p75_cfl_0p5_nx_501_mode_1,4,on,u,0.75,0.5,501,1,0.15,failed,solver returned 1,,rho,,,,,,
run_0091,visc_on_sensor_u_beta_0p75_cfl_0p5_nx_501_mode_1,4,on,u,0.75,0.5,501,1,0.15,failed,solver returned 1,,u,,,,,,
run_0091,visc_on_sensor_u_beta_0p75_cfl_0p5_nx_501_mode_1,4,on,u,0.75,0.5,501,1,0.15,failed,solver returned 1,,p,,,,,,
run_0092,visc_on_sensor_u_beta_0p75_cfl_0p5_nx_1001_mode_1,4,on,u,0.75,0.5,1001,1,0.15,failed,solver returned 1,,rho,,,,,,
run_0092,visc_on_sensor_u_beta_0p75_cfl_0p5_nx_1001_mode_1,4,on,u,0.75,0.5,1001,1,0.15,failed,solver returned 1,,u,,,,,,
run_0092,visc_on_sensor_u_beta_0p75_cfl_0p5_nx_1001_mode_1,4,on,u,0.75,0.5,1001,1,0.15,failed,solver returned 1,,p,,,,,,
run_0093,visc_on_sensor_u_beta_0p75_cfl_0p8_nx_101_mode_1,4,on,u,0.75,0.8,101,1,0.15,failed,solver returned 1,,rho,,,,,,
run_0093,visc_on_sensor_u_beta_0p75_cfl_0p8_nx_101_mode_1,4,on,u,0.75,0.8,101,1,0.15,failed,solver returned 1,,u,,,,,,
run_0093,visc_on_sensor_u_beta_0p75_cfl_0p8_nx_101_mode_1,4,on,u,0.75,0.8,101,1,0.15,failed,solver returned 1,,p,,,,,,
run_0094,visc_on_sensor_u_beta_0p75_cfl_0p8_nx_201_mode_1,4,on,u,0.75,0.8,201,1,0.15,failed,solver returned 1,,rho,,,,,,
run_0094,visc_on_sensor_u_beta_0p75_cfl_0p8_nx_201_mode_1,4,on,u,0.75,0.8,201,1,0.15,failed,solver returned 1,,u,,,,,,
run_0094,visc_on_sensor_u_beta_0p75_cfl_0p8_nx_201_mode_1,4,on,u,0.75,0.8,201,1,0.15,failed,solver returned 1,,p,,,,,,
run_0095,visc_on_sensor_u_beta_0p75_cfl_0p8_nx_501_mode_1,4,on,u,0.75,0.8,501,1,0.15,failed,solver returned 1,,rho,,,,,,
run_0095,visc_on_sensor_u_beta_0p75_cfl_0p8_nx_501_mode_1,4,on,u,0.75,0.8,501,1,0.15,failed,solver returned 1,,u,,,,,,
run_0095,visc_on_sensor_u_beta_0p75_cfl_0p8_nx_501_mode_1,4,on,u,0.75,0.8,501,1,0.15,failed,solver returned 1,,p,,,,,,
run_0096,visc_on_sensor_u_beta_0p75_cfl_0p8_nx_1001_mode_1,4,on,u,0.75,0.8,1001,1,0.15,failed,solver returned 1,,rho,,,,,,
run_0096,visc_on_sensor_u_beta_0p75_cfl_0p8_nx_1001_mode_1,4,on,u,0.75,0.8,1001,1,0.15,failed,solver returned 1,,u,,,,,,
run_0096,visc_on_sensor_u_beta_0p75_cfl_0p8_nx_1001_mode_1,4,on,u,0.75,0.8,1001,1,0.15,failed,solver returned 1,,p,,,,,,
run_0097,visc_on_sensor_p_beta_0p75_cfl_0p2_nx_101_mode_1,4,on,p,0.75,0.2,101,1,0.15,failed,solver returned 1,,rho,,,,,,
run_0097,visc_on_sensor_p_beta_0p75_cfl_0p2_nx_101_mode_1,4,on,p,0.75,0.2,101,1,0.15,failed,solver returned 1,,u,,,,,,
run_0097,visc_on_sensor_p_beta_0p75_cfl_0p2_nx_101_mode_1,4,on,p,0.75,0.2,101,1,0.15,failed,solver returned 1,,p,,,,,,
run_0098,visc_on_sensor_p_beta_0p75_cfl_0p2_nx_201_mode_1,4,on,p,0.75,0.2,201,1,0.15,failed,solver returned 1,,rho,,,,,,
run_0098,visc_on_sensor_p_beta_0p75_cfl_0p2_nx_201_mode_1,4,on,p,0.75,0.2,201,1,0.15,failed,solver returned 1,,u,,,,,,
run_0098,visc_on_sensor_p_beta_0p75_cfl_0p2_nx_201_mode_1,4,on,p,0.75,0.2,201,1,0.15,failed,solver returned 1,,p,,,,,,
run_0099,visc_on_sensor_p_beta_0p75_cfl_0p2_nx_501_mode_1,4,on,p,0.75,0.2,501,1,0.15,failed,solver returned 1,,rho,,,,,,
run_0099,visc_on_sensor_p_beta_0p75_cfl_0p2_nx_501_mode_1,4,on,p,0.75,0.2,501,1,0.15,failed,solver returned 1,,u,,,,,,
run_0099,visc_on_sensor_p_beta_0p75_cfl_0p2_nx_501_mode_1,4,on,p,0.75,0.2,501,1,0.15,failed,solver returned 1,,p,,,,,,
run_0100,visc_on_sensor_p_beta_0p75_cfl_0p2_nx_1001_mode_1,4,on,p,0.75,0.2,1001,1,0.15,failed,solver returned 1,,rho,,,,,,
run_0100,visc_on_sensor_p_beta_0p75_cfl_0p2_nx_1001_mode_1,4,on,p,0.75,0.2,1001,1,0.15,failed,solver returned 1,,u,,,,,,
run_0100,visc_on_sensor_p_beta_0p75_cfl_0p2_nx_1001_mode_1,4,on,p,0.75,0.2,1001,1,0.15,failed,solver returned 1,,p,,,,,,
run_0101,visc_on_sensor_p_beta_0p75_cfl_0p5_nx_101_mode_1,4,on,p,0.75,0.5,101,1,0.15,failed,solver returned 1,,rho,,,,,,
run_0101,visc_on_sensor_p_beta_0p75_cfl_0p5_nx_101_mode_1,4,on,p,0.75,0.5,101,1,0.15,failed,solver returned 1,,u,,,,,,
run_0101,visc_on_sensor_p_beta_0p75_cfl_0p5_nx_101_mode_1,4,on,p,0.75,0.5,101,1,0.15,failed,solver returned 1,,p,,,,,,
run_0102,visc_on_sensor_p_beta_0p75_cfl_0p5_nx_201_mode_1,4,on,p,0.75,0.5,201,1,0.15,failed,solver returned 1,,rho,,,,,,
run_0102,visc_on_sensor_p_beta_0p75_cfl_0p5_nx_201_mode_1,4,on,p,0.75,0.5,201,1,0.15,failed,solver returned 1,,u,,,,,,
run_0102,visc_on_sensor_p_beta_0p75_cfl_0p5_nx_201_mode_1,4,on,p,0.75,0.5,201,1,0.15,failed,solver returned 1,,p,,,,,,
run_0103,visc_on_sensor_p_beta_0p75_cfl_0p5_nx_501_mode_1,4,on,p,0.75,0.5,501,1,0.15,failed,solver returned 1,,rho,,,,,,
run_0103,visc_on_sensor_p_beta_0p75_cfl_0p5_nx_501_mode_1,4,on,p,0.75,0.5,501,1,0.15,failed,solver returned 1,,u,,,,,,
run_0103,visc_on_sensor_p_beta_0p75_cfl_0p5_nx_501_mode_1,4,on,p,0.75,0.5,501,1,0.15,failed,solver returned 1,,p,,,,,,
run_0104,visc_on_sensor_p_beta_0p75_cfl_0p5_nx_1001_mode_1,4,on,p,0.75,0.5,1001,1,0.15,failed,solver returned 1,,rho,,,,,,
run_0104,visc_on_sensor_p_beta_0p75_cfl_0p5_nx_1001_mode_1,4,on,p,0.75,0.5,1001,1,0.15,failed,solver returned 1,,u,,,,,,
run_0104,visc_on_sensor_p_beta_0p75_cfl_0p5_nx_1001_mode_1,4,on,p,0.75,0.5,1001,1,0.15,failed,solver returned 1,,p,,,,,,
run_0105,visc_on_sensor_p_beta_0p75_cfl_0p8_nx_101_mode_1,4,on,p,0.75,0.8,101,1,0.15,failed,solver returned 1,,rho,,,,,,
run_0105,visc_on_sensor_p_beta_0p75_cfl_0p8_nx_101_mode_1,4,on,p,0.75,0.8,101,1,0.15,failed,solver returned 1,,u,,,,,,
run_0105,visc_on_sensor_p_beta_0p75_cfl_0p8_nx_101_mode_1,4,on,p,0.75,0.8,101,1,0.15,failed,solver returned 1,,p,,,,,,
run_0106,visc_on_sensor_p_beta_0p75_cfl_0p8_nx_201_mode_1,4,on,p,0.75,0.8,201,1,0.15,failed,solver returned 1,,rho,,,,,,
run_0106,visc_on_sensor_p_beta_0p75_cfl_0p8_nx_201_mode_1,4,on,p,0.75,0.8,201,1,0.15,failed,solver returned 1,,u,,,,,,
run_0106,visc_on_sensor_p_beta_0p75_cfl_0p8_nx_201_mode_1,4,on,p,0.75,0.8,201,1,0.15,failed,solver returned 1,,p,,,,,,
run_0107,visc_on_sensor_p_beta_0p75_cfl_0p8_nx_501_mode_1,4,on,p,0.75,0.8,501,1,0.15,failed,solver returned 1,,rho,,,,,,
run_0107,visc_on_sensor_p_beta_0p75_cfl_0p8_nx_501_mode_1,4,on,p,0.75,0.8,501,1,0.15,failed,solver returned 1,,u,,,,,,
run_0107,visc_on_sensor_p_beta_0p75_cfl_0p8_nx_501_mode_1,4,on,p,0.75,0.8,501,1,0.15,failed,solver returned 1,,p,,,,,,
run_0108,visc_on_sensor_p_beta_0p75_cfl_0p8_nx_1001_mode_1,4,on,p,0.75,0.8,1001,1,0.15,failed,solver returned 1,,rho,,,,,,
run_0108,visc_on_sensor_p_beta_0p75_cfl_0p8_nx_1001_mode_1,4,on,p,0.75,0.8,1001,1,0.15,failed,solver returned 1,,u,,,,,,
run_0108,visc_on_sensor_p_beta_0p75_cfl_0p8_nx_1001_mode_1,4,on,p,0.75,0.8,1001,1,0.15,failed,solver returned 1,,p,,,,,,
run_0109,visc_on_sensor_rho_beta_1_cfl_0p2_nx_101_mode_1,4,on,rho,1.0,0.2,101,1,0.15,failed,solver returned 1,,rho,,,,,,
run_0109,visc_on_sensor_rho_beta_1_cfl_0p2_nx_101_mode_1,4,on,rho,1.0,0.2,101,1,0.15,failed,solver returned 1,,u,,,,,,
run_0109,visc_on_sensor_rho_beta_1_cfl_0p2_nx_101_mode_1,4,on,rho,1.0,0.2,101,1,0.15,failed,solver returned 1,,p,,,,,,
run_0110,visc_on_sensor_rho_beta_1_cfl_0p2_nx_201_mode_1,4,on,rho,1.0,0.2,201,1,0.15,failed,solver returned 1,,rho,,,,,,
run_0110,visc_on_sensor_rho_beta_1_cfl_0p2_nx_201_mode_1,4,on,rho,1.0,0.2,201,1,0.15,failed,solver returned 1,,u,,,,,,
run_0110,visc_on_sensor_rho_beta_1_cfl_0p2_nx_201_mode_1,4,on,rho,1.0,0.2,201,1,0.15,failed,solver returned 1,,p,,,,,,
run_0111,visc_on_sensor_rho_beta_1_cfl_0p2_nx_501_mode_1,4,on,rho,1.0,0.2,501,1,0.15,failed,solver returned 1,,rho,,,,,,
run_0111,visc_on_sensor_rho_beta_1_cfl_0p2_nx_501_mode_1,4,on,rho,1.0,0.2,501,1,0.15,failed,solver returned 1,,u,,,,,,
run_0111,visc_on_sensor_rho_beta_1_cfl_0p2_nx_501_mode_1,4,on,rho,1.0,0.2,501,1,0.15,failed,solver returned 1,,p,,,,,,
run_0112,visc_on_sensor_rho_beta_1_cfl_0p2_nx_1001_mode_1,4,on,rho,1.0,0.2,1001,1,0.15,failed,solver returned 1,,rho,,,,,,
run_0112,visc_on_sensor_rho_beta_1_cfl_0p2_nx_1001_mode_1,4,on,rho,1.0,0.2,1001,1,0.15,failed,solver returned 1,,u,,,,,,
run_0112,visc_on_sensor_rho_beta_1_cfl_0p2_nx_1001_mode_1,4,on,rho,1.0,0.2,1001,1,0.15,failed,solver returned 1,,p,,,,,,
run_0113,visc_on_sensor_rho_beta_1_cfl_0p5_nx_101_mode_1,4,on,rho,1.0,0.5,101,1,0.15,failed,solver returned 1,,rho,,,,,,
run_0113,visc_on_sensor_rho_beta_1_cfl_0p5_nx_101_mode_1,4,on,rho,1.0,0.5,101,1,0.15,failed,solver returned 1,,u,,,,,,
run_0113,visc_on_sensor_rho_beta_1_cfl_0p5_nx_101_mode_1,4,on,rho,1.0,0.5,101,1,0.15,failed,solver returned 1,,p,,,,,,
run_0114,visc_on_sensor_rho_beta_1_cfl_0p5_nx_201_mode_1,4,on,rho,1.0,0.5,201,1,0.15,failed,solver returned 1,,rho,,,,,,
run_0114,visc_on_sensor_rho_beta_1_cfl_0p5_nx_201_mode_1,4,on,rho,1.0,0.5,201,1,0.15,failed,solver returned 1,,u,,,,,,
run_0114,visc_on_sensor_rho_beta_1_cfl_0p5_nx_201_mode_1,4,on,rho,1.0,0.5,201,1,0.15,failed,solver returned 1,,p,,,,,,
run_0115,visc_on_sensor_rho_beta_1_cfl_0p5_nx_501_mode_1,4,on,rho,1.0,0.5,501,1,0.15,failed,solver returned 1,,rho,,,,,,
run_0115,visc_on_sensor_rho_beta_1_cfl_0p5_nx_501_mode_1,4,on,rho,1.0,0.5,501,1,0.15,failed,solver returned 1,,u,,,,,,
run_0115,visc_on_sensor_rho_beta_1_cfl_0p5_nx_501_mode_1,4,on,rho,1.0,0.5,501,1,0.15,failed,solver returned 1,,p,,,,,,
run_0116,visc_on_sensor_rho_beta_1_cfl_0p5_nx_1001_mode_1,4,on,rho,1.0,0.5,1001,1,0.15,failed,solver returned 1,,rho,,,,,,
run_0116,visc_on_sensor_rho_beta_1_cfl_0p5_nx_1001_mode_1,4,on,rho,1.0,0.5,1001,1,0.15,failed,solver returned 1,,u,,,,,,
run_0116,visc_on_sensor_rho_beta_1_cfl_0p5_nx_1001_mode_1,4,on,rho,1.0,0.5,1001,1,0.15,failed,solver returned 1,,p,,,,,,
run_0117,visc_on_sensor_rho_beta_1_cfl_0p8_nx_101_mode_1,4,on,rho,1.0,0.8,101,1,0.15,failed,solver returned 1,,rho,,,,,,
run_0117,visc_on_sensor_rho_beta_1_cfl_0p8_nx_101_mode_1,4,on,rho,1.0,0.8,101,1,0.15,failed,solver returned 1,,u,,,,,,
run_0117,visc_on_sensor_rho_beta_1_cfl_0p8_nx_101_mode_1,4,on,rho,1.0,0.8,101,1,0.15,failed,solver returned 1,,p,,,,,,
run_0118,visc_on_sensor_rho_beta_1_cfl_0p8_nx_201_mode_1,4,on,rho,1.0,0.8,201,1,0.15,failed,solver returned 1,,rho,,,,,,
run_0118,visc_on_sensor_rho_beta_1_cfl_0p8_nx_201_mode_1,4,on,rho,1.0,0.8,201,1,0.15,failed,solver returned 1,,u,,,,,,
run_0118,visc_on_sensor_rho_beta_1_cfl_0p8_nx_201_mode_1,4,on,rho,1.0,0.8,201,1,0.15,failed,solver returned 1,,p,,,,,,
run_0119,visc_on_sensor_rho_beta_1_cfl_0p8_nx_501_mode_1,4,on,rho,1.0,0.8,501,1,0.15,failed,solver returned 1,,rho,,,,,,
run_0119,visc_on_sensor_rho_beta_1_cfl_0p8_nx_501_mode_1,4,on,rho,1.0,0.8,501,1,0.15,failed,solver returned 1,,u,,,,,,
run_0119,visc_on_sensor_rho_beta_1_cfl_0p8_nx_501_mode_1,4,on,rho,1.0,0.8,501,1,0.15,failed,solver returned 1,,p,,,,,,
run_0120,visc_on_sensor_rho_beta_1_cfl_0p8_nx_1001_mode_1,4,on,rho,1.0,0.8,1001,1,0.15,failed,solver returned 1,,rho,,,,,,
run_0120,visc_on_sensor_rho_beta_1_cfl_0p8_nx_1001_mode_1,4,on,rho,1.0,0.8,1001,1,0.15,failed,solver returned 1,,u,,,,,,
run_0120,visc_on_sensor_rho_beta_1_cfl_0p8_nx_1001_mode_1,4,on,rho,1.0,0.8,1001,1,0.15,failed,solver returned 1,,p,,,,,,
run_0121,visc_on_sensor_u_beta_1_cfl_0p2_nx_101_mode_1,4,on,u,1.0,0.2,101,1,0.15,completed,completed,0.15,rho,0.021847150566837316,0.03086495103524782,0.10154243960986198,1.9387678525,0.0,0.0
run_0121,visc_on_sensor_u_beta_1_cfl_0p2_nx_101_mode_1,4,on,u,1.0,0.2,101,1,0.15,completed,completed,0.15,u,0.051709261635158627,0.06526365912774089,0.1785102645,3.9912370039000002,0.0,0.0
run_0121,visc_on_sensor_u_beta_1_cfl_0p2_nx_101_mode_1,4,on,u,1.0,0.2,101,1,0.15,completed,completed,0.15,p,0.011662155341966825,0.016321853392647027,0.054411570779374585,0.7805793916,0.0,0.0
run_0122,visc_on_sensor_u_beta_1_cfl_0p2_nx_201_mode_1,4,on,u,1.0,0.2,201,1,0.15,completed,completed,0.15,rho,0.012066193951976082,0.018710081059536157,0.07442598330000005,1.9599855528999999,0.002156616782864232,0.0
run_0122,visc_on_sensor_u_beta_1_cfl_0p2_nx_201_mode_1,4,on,u,1.0,0.2,201,1,0.15,completed,completed,0.15,u,0.03049292184299553,0.04138916668258868,0.1438672155,3.9995334426999998,0.0,0.0
run_0122,visc_on_sensor_u_beta_1_cfl_0p2_nx_201_mode_1,4,on,u,1.0,0.2,201,1,0.15,completed,completed,0.15,p,0.006033766337987014,0.00963674275514975,0.04089537210000005,0.7902627314,0.0,0.0
run_0123,visc_on_sensor_u_beta_1_cfl_0p2_nx_501_mode_1,4,on,u,1.0,0.2,501,1,0.15,completed,completed,0.15,rho,0.00539341248687284,0.009339741753152067,0.05298328533903174,1.969406406,0.006555314682864232,0.0
run_0123,visc_on_sensor_u_beta_1_cfl_0p2_nx_501_mode_1,4,on,u,1.0,0.2,501,1,0.15,completed,completed,0.15,u,0.016903674518224707,0.02747721931431107,0.1160426972,3.9999999856,0.0,0.0
run_0123,visc_on_sensor_u_beta_1_cfl_0p2_nx_501_mode_1,4,on,u,1.0,0.2,501,1,0.15,completed,completed,0.15,p,0.0025315639464585818,0.004858856346712734,0.029296238149576104,0.7934473682,0.0,0.0
run_0124,visc_on_sensor_u_beta_1_cfl_0p2_nx_1001_mode_1,4,on,u,1.0,0.2,1001,1,0.15,completed,completed,0.15,rho,0.0029719730790844835,0.005521835678770393,0.03686525313903177,1.9739903216,0.008847262882864231,0.0
run_0124,visc_on_sensor_u_beta_1_cfl_0p2_nx_1001_mode_1,4,on,u,1.0,0.2,1001,1,0.15,completed,completed,0.15,u,0.011357717856177839,0.021260965537801296,0.0957609691,4.0,0.0,0.0
run_0124,visc_on_sensor_u_beta_1_cfl_0p2_nx_1001_mode_1,4,on,u,1.0,0.2,1001,1,0.15,completed,completed,0.15,p,0.0012953415910936434,0.002848369311155552,0.02046601724957614,0.7947671306,0.0,0.0
run_0125,visc_on_sensor_u_beta_1_cfl_0p5_nx_101_mode_1,4,on,u,1.0,0.5,101,1,0.15,failed,solver returned 1,,rho,,,,,,
run_0125,visc_on_sensor_u_beta_1_cfl_0p5_nx_101_mode_1,4,on,u,1.0,0.5,101,1,0.15,failed,solver returned 1,,u,,,,,,
run_0125,visc_on_sensor_u_beta_1_cfl_0p5_nx_101_mode_1,4,on,u,1.0,0.5,101,1,0.15,failed,solver returned 1,,p,,,,,,
run_0126,visc_on_sensor_u_beta_1_cfl_0p5_nx_201_mode_1,4,on,u,1.0,0.5,201,1,0.15,failed,solver returned 1,,rho,,,,,,
run_0126,visc_on_sensor_u_beta_1_cfl_0p5_nx_201_mode_1,4,on,u,1.0,0.5,201,1,0.15,failed,solver returned 1,,u,,,,,,
run_0126,visc_on_sensor_u_beta_1_cfl_0p5_nx_201_mode_1,4,on,u,1.0,0.5,201,1,0.15,failed,solver returned 1,,p,,,,,,
run_0127,visc_on_sensor_u_beta_1_cfl_0p5_nx_501_mode_1,4,on,u,1.0,0.5,501,1,0.15,failed,solver returned 1,,rho,,,,,,
run_0127,visc_on_sensor_u_beta_1_cfl_0p5_nx_501_mode_1,4,on,u,1.0,0.5,501,1,0.15,failed,solver returned 1,,u,,,,,,
run_0127,visc_on_sensor_u_beta_1_cfl_0p5_nx_501_mode_1,4,on,u,1.0,0.5,501,1,0.15,failed,solver returned 1,,p,,,,,,
run_0128,visc_on_sensor_u_beta_1_cfl_0p5_nx_1001_mode_1,4,on,u,1.0,0.5,1001,1,0.15,failed,solver returned 1,,rho,,,,,,
run_0128,visc_on_sensor_u_beta_1_cfl_0p5_nx_1001_mode_1,4,on,u,1.0,0.5,1001,1,0.15,failed,solver returned 1,,u,,,,,,
run_0128,visc_on_sensor_u_beta_1_cfl_0p5_nx_1001_mode_1,4,on,u,1.0,0.5,1001,1,0.15,failed,solver returned 1,,p,,,,,,
run_0129,visc_on_sensor_u_beta_1_cfl_0p8_nx_101_mode_1,4,on,u,1.0,0.8,101,1,0.15,failed,solver returned 1,,rho,,,,,,
run_0129,visc_on_sensor_u_beta_1_cfl_0p8_nx_101_mode_1,4,on,u,1.0,0.8,101,1,0.15,failed,solver returned 1,,u,,,,,,
run_0129,visc_on_sensor_u_beta_1_cfl_0p8_nx_101_mode_1,4,on,u,1.0,0.8,101,1,0.15,failed,solver returned 1,,p,,,,,,
run_0130,visc_on_sensor_u_beta_1_cfl_0p8_nx_201_mode_1,4,on,u,1.0,0.8,201,1,0.15,failed,solver returned 1,,rho,,,,,,
run_0130,visc_on_sensor_u_beta_1_cfl_0p8_nx_201_mode_1,4,on,u,1.0,0.8,201,1,0.15,failed,solver returned 1,,u,,,,,,
run_0130,visc_on_sensor_u_beta_1_cfl_0p8_nx_201_mode_1,4,on,u,1.0,0.8,201,1,0.15,failed,solver returned 1,,p,,,,,,
run_0131,visc_on_sensor_u_beta_1_cfl_0p8_nx_501_mode_1,4,on,u,1.0,0.8,501,1,0.15,failed,solver returned 1,,rho,,,,,,
run_0131,visc_on_sensor_u_beta_1_cfl_0p8_nx_501_mode_1,4,on,u,1.0,0.8,501,1,0.15,failed,solver returned 1,,u,,,,,,
run_0131,visc_on_sensor_u_beta_1_cfl_0p8_nx_501_mode_1,4,on,u,1.0,0.8,501,1,0.15,failed,solver returned 1,,p,,,,,,
run_0132,visc_on_sensor_u_beta_1_cfl_0p8_nx_1001_mode_1,4,on,u,1.0,0.8,1001,1,0.15,failed,solver returned 1,,rho,,,,,,
run_0132,visc_on_sensor_u_beta_1_cfl_0p8_nx_1001_mode_1,4,on,u,1.0,0.8,1001,1,0.15,failed,solver returned 1,,u,,,,,,
run_0132,visc_on_sensor_u_beta_1_cfl_0p8_nx_1001_mode_1,4,on,u,1.0,0.8,1001,1,0.15,failed,solver returned 1,,p,,,,,,
run_0133,visc_on_sensor_p_beta_1_cfl_0p2_nx_101_mode_1,4,on,p,1.0,0.2,101,1,0.15,failed,solver returned 1,,rho,,,,,,
run_0133,visc_on_sensor_p_beta_1_cfl_0p2_nx_101_mode_1,4,on,p,1.0,0.2,101,1,0.15,failed,solver returned 1,,u,,,,,,
run_0133,visc_on_sensor_p_beta_1_cfl_0p2_nx_101_mode_1,4,on,p,1.0,0.2,101,1,0.15,failed,solver returned 1,,p,,,,,,
run_0134,visc_on_sensor_p_beta_1_cfl_0p2_nx_201_mode_1,4,on,p,1.0,0.2,201,1,0.15,failed,solver returned 1,,rho,,,,,,
run_0134,visc_on_sensor_p_beta_1_cfl_0p2_nx_201_mode_1,4,on,p,1.0,0.2,201,1,0.15,failed,solver returned 1,,u,,,,,,
run_0134,visc_on_sensor_p_beta_1_cfl_0p2_nx_201_mode_1,4,on,p,1.0,0.2,201,1,0.15,failed,solver returned 1,,p,,,,,,
run_0135,visc_on_sensor_p_beta_1_cfl_0p2_nx_501_mode_1,4,on,p,1.0,0.2,501,1,0.15,failed,solver returned 1,,rho,,,,,,
run_0135,visc_on_sensor_p_beta_1_cfl_0p2_nx_501_mode_1,4,on,p,1.0,0.2,501,1,0.15,failed,solver returned 1,,u,,,,,,
run_0135,visc_on_sensor_p_beta_1_cfl_0p2_nx_501_mode_1,4,on,p,1.0,0.2,501,1,0.15,failed,solver returned 1,,p,,,,,,
run_0136,visc_on_sensor_p_beta_1_cfl_0p2_nx_1001_mode_1,4,on,p,1.0,0.2,1001,1,0.15,failed,solver returned 1,,rho,,,,,,
run_0136,visc_on_sensor_p_beta_1_cfl_0p2_nx_1001_mode_1,4,on,p,1.0,0.2,1001,1,0.15,failed,solver returned 1,,u,,,,,,
run_0136,visc_on_sensor_p_beta_1_cfl_0p2_nx_1001_mode_1,4,on,p,1.0,0.2,1001,1,0.15,failed,solver returned 1,,p,,,,,,
run_0137,visc_on_sensor_p_beta_1_cfl_0p5_nx_101_mode_1,4,on,p,1.0,0.5,101,1,0.15,failed,solver returned 1,,rho,,,,,,
run_0137,visc_on_sensor_p_beta_1_cfl_0p5_nx_101_mode_1,4,on,p,1.0,0.5,101,1,0.15,failed,solver returned 1,,u,,,,,,
run_0137,visc_on_sensor_p_beta_1_cfl_0p5_nx_101_mode_1,4,on,p,1.0,0.5,101,1,0.15,failed,solver returned 1,,p,,,,,,
run_0138,visc_on_sensor_p_beta_1_cfl_0p5_nx_201_mode_1,4,on,p,1.0,0.5,201,1,0.15,failed,solver returned 1,,rho,,,,,,
run_0138,visc_on_sensor_p_beta_1_cfl_0p5_nx_201_mode_1,4,on,p,1.0,0.5,201,1,0.15,failed,solver returned 1,,u,,,,,,
run_0138,visc_on_sensor_p_beta_1_cfl_0p5_nx_201_mode_1,4,on,p,1.0,0.5,201,1,0.15,failed,solver returned 1,,p,,,,,,
run_0139,visc_on_sensor_p_beta_1_cfl_0p5_nx_501_mode_1,4,on,p,1.0,0.5,501,1,0.15,failed,solver returned 1,,rho,,,,,,
run_0139,visc_on_sensor_p_beta_1_cfl_0p5_nx_501_mode_1,4,on,p,1.0,0.5,501,1,0.15,failed,solver returned 1,,u,,,,,,
run_0139,visc_on_sensor_p_beta_1_cfl_0p5_nx_501_mode_1,4,on,p,1.0,0.5,501,1,0.15,failed,solver returned 1,,p,,,,,,
run_0140,visc_on_sensor_p_beta_1_cfl_0p5_nx_1001_mode_1,4,on,p,1.0,0.5,1001,1,0.15,failed,solver returned 1,,rho,,,,,,
run_0140,visc_on_sensor_p_beta_1_cfl_0p5_nx_1001_mode_1,4,on,p,1.0,0.5,1001,1,0.15,failed,solver returned 1,,u,,,,,,
run_0140,visc_on_sensor_p_beta_1_cfl_0p5_nx_1001_mode_1,4,on,p,1.0,0.5,1001,1,0.15,failed,solver returned 1,,p,,,,,,
run_0141,visc_on_sensor_p_beta_1_cfl_0p8_nx_101_mode_1,4,on,p,1.0,0.8,101,1,0.15,failed,solver returned 1,,rho,,,,,,
run_0141,visc_on_sensor_p_beta_1_cfl_0p8_nx_101_mode_1,4,on,p,1.0,0.8,101,1,0.15,failed,solver returned 1,,u,,,,,,
run_0141,visc_on_sensor_p_beta_1_cfl_0p8_nx_101_mode_1,4,on,p,1.0,0.8,101,1,0.15,failed,solver returned 1,,p,,,,,,
run_0142,visc_on_sensor_p_beta_1_cfl_0p8_nx_201_mode_1,4,on,p,1.0,0.8,201,1,0.15,failed,solver returned 1,,rho,,,,,,
run_0142,visc_on_sensor_p_beta_1_cfl_0p8_nx_201_mode_1,4,on,p,1.0,0.8,201,1,0.15,failed,solver returned 1,,u,,,,,,
run_0142,visc_on_sensor_p_beta_1_cfl_0p8_nx_201_mode_1,4,on,p,1.0,0.8,201,1,0.15,failed,solver returned 1,,p,,,,,,
run_0143,visc_on_sensor_p_beta_1_cfl_0p8_nx_501_mode_1,4,on,p,1.0,0.8,501,1,0.15,failed,solver returned 1,,rho,,,,,,
run_0143,visc_on_sensor_p_beta_1_cfl_0p8_nx_501_mode_1,4,on,p,1.0,0.8,501,1,0.15,failed,solver returned 1,,u,,,,,,
run_0143,visc_on_sensor_p_beta_1_cfl_0p8_nx_501_mode_1,4,on,p,1.0,0.8,501,1,0.15,failed,solver returned 1,,p,,,,,,
run_0144,visc_on_sensor_p_beta_1_cfl_0p8_nx_1001_mode_1,4,on,p,1.0,0.8,1001,1,0.15,failed,solver returned 1,,rho,,,,,,
run_0144,visc_on_sensor_p_beta_1_cfl_0p8_nx_1001_mode_1,4,on,p,1.0,0.8,1001,1,0.15,failed,solver returned 1,,u,,,,,,
run_0144,visc_on_sensor_p_beta_1_cfl_0p8_nx_1001_mode_1,4,on,p,1.0,0.8,1001,1,0.15,failed,solver returned 1,,p,,,,,,
run_0145,visc_on_sensor_rho_beta_1p5_cfl_0p2_nx_101_mode_1,4,on,rho,1.5,0.2,101,1,0.15,failed,solver returned 1,,rho,,,,,,
run_0145,visc_on_sensor_rho_beta_1p5_cfl_0p2_nx_101_mode_1,4,on,rho,1.5,0.2,101,1,0.15,failed,solver returned 1,,u,,,,,,
run_0145,visc_on_sensor_rho_beta_1p5_cfl_0p2_nx_101_mode_1,4,on,rho,1.5,0.2,101,1,0.15,failed,solver returned 1,,p,,,,,,
run_0146,visc_on_sensor_rho_beta_1p5_cfl_0p2_nx_201_mode_1,4,on,rho,1.5,0.2,201,1,0.15,failed,solver returned 1,,rho,,,,,,
run_0146,visc_on_sensor_rho_beta_1p5_cfl_0p2_nx_201_mode_1,4,on,rho,1.5,0.2,201,1,0.15,failed,solver returned 1,,u,,,,,,
run_0146,visc_on_sensor_rho_beta_1p5_cfl_0p2_nx_201_mode_1,4,on,rho,1.5,0.2,201,1,0.15,failed,solver returned 1,,p,,,,,,
run_0147,visc_on_sensor_rho_beta_1p5_cfl_0p2_nx_501_mode_1,4,on,rho,1.5,0.2,501,1,0.15,failed,solver returned 1,,rho,,,,,,
run_0147,visc_on_sensor_rho_beta_1p5_cfl_0p2_nx_501_mode_1,4,on,rho,1.5,0.2,501,1,0.15,failed,solver returned 1,,u,,,,,,
run_0147,visc_on_sensor_rho_beta_1p5_cfl_0p2_nx_501_mode_1,4,on,rho,1.5,0.2,501,1,0.15,failed,solver returned 1,,p,,,,,,
run_0148,visc_on_sensor_rho_beta_1p5_cfl_0p2_nx_1001_mode_1,4,on,rho,1.5,0.2,1001,1,0.15,failed,solver returned 1,,rho,,,,,,
run_0148,visc_on_sensor_rho_beta_1p5_cfl_0p2_nx_1001_mode_1,4,on,rho,1.5,0.2,1001,1,0.15,failed,solver returned 1,,u,,,,,,
run_0148,visc_on_sensor_rho_beta_1p5_cfl_0p2_nx_1001_mode_1,4,on,rho,1.5,0.2,1001,1,0.15,failed,solver returned 1,,p,,,,,,
run_0149,visc_on_sensor_rho_beta_1p5_cfl_0p5_nx_101_mode_1,4,on,rho,1.5,0.5,101,1,0.15,failed,solver returned 1,,rho,,,,,,
run_0149,visc_on_sensor_rho_beta_1p5_cfl_0p5_nx_101_mode_1,4,on,rho,1.5,0.5,101,1,0.15,failed,solver returned 1,,u,,,,,,
run_0149,visc_on_sensor_rho_beta_1p5_cfl_0p5_nx_101_mode_1,4,on,rho,1.5,0.5,101,1,0.15,failed,solver returned 1,,p,,,,,,
run_0150,visc_on_sensor_rho_beta_1p5_cfl_0p5_nx_201_mode_1,4,on,rho,1.5,0.5,201,1,0.15,failed,solver returned 1,,rho,,,,,,
run_0150,visc_on_sensor_rho_beta_1p5_cfl_0p5_nx_201_mode_1,4,on,rho,1.5,0.5,201,1,0.15,failed,solver returned 1,,u,,,,,,
run_0150,visc_on_sensor_rho_beta_1p5_cfl_0p5_nx_201_mode_1,4,on,rho,1.5,0.5,201,1,0.15,failed,solver returned 1,,p,,,,,,
run_0151,visc_on_sensor_rho_beta_1p5_cfl_0p5_nx_501_mode_1,4,on,rho,1.5,0.5,501,1,0.15,failed,solver returned 1,,rho,,,,,,
run_0151,visc_on_sensor_rho_beta_1p5_cfl_0p5_nx_501_mode_1,4,on,rho,1.5,0.5,501,1,0.15,failed,solver returned 1,,u,,,,,,
run_0151,visc_on_sensor_rho_beta_1p5_cfl_0p5_nx_501_mode_1,4,on,rho,1.5,0.5,501,1,0.15,failed,solver returned 1,,p,,,,,,
run_0152,visc_on_sensor_rho_beta_1p5_cfl_0p5_nx_1001_mode_1,4,on,rho,1.5,0.5,1001,1,0.15,failed,solver returned 1,,rho,,,,,,
run_0152,visc_on_sensor_rho_beta_1p5_cfl_0p5_nx_1001_mode_1,4,on,rho,1.5,0.5,1001,1,0.15,failed,solver returned 1,,u,,,,,,
run_0152,visc_on_sensor_rho_beta_1p5_cfl_0p5_nx_1001_mode_1,4,on,rho,1.5,0.5,1001,1,0.15,failed,solver returned 1,,p,,,,,,
run_0153,visc_on_sensor_rho_beta_1p5_cfl_0p8_nx_101_mode_1,4,on,rho,1.5,0.8,101,1,0.15,failed,solver returned 1,,rho,,,,,,
run_0153,visc_on_sensor_rho_beta_1p5_cfl_0p8_nx_101_mode_1,4,on,rho,1.5,0.8,101,1,0.15,failed,solver returned 1,,u,,,,,,
run_0153,visc_on_sensor_rho_beta_1p5_cfl_0p8_nx_101_mode_1,4,on,rho,1.5,0.8,101,1,0.15,failed,solver returned 1,,p,,,,,,
run_0154,visc_on_sensor_rho_beta_1p5_cfl_0p8_nx_201_mode_1,4,on,rho,1.5,0.8,201,1,0.15,failed,solver returned 1,,rho,,,,,,
run_0154,visc_on_sensor_rho_beta_1p5_cfl_0p8_nx_201_mode_1,4,on,rho,1.5,0.8,201,1,0.15,failed,solver returned 1,,u,,,,,,
run_0154,visc_on_sensor_rho_beta_1p5_cfl_0p8_nx_201_mode_1,4,on,rho,1.5,0.8,201,1,0.15,failed,solver returned 1,,p,,,,,,
run_0155,visc_on_sensor_rho_beta_1p5_cfl_0p8_nx_501_mode_1,4,on,rho,1.5,0.8,501,1,0.15,failed,solver returned 1,,rho,,,,,,
run_0155,visc_on_sensor_rho_beta_1p5_cfl_0p8_nx_501_mode_1,4,on,rho,1.5,0.8,501,1,0.15,failed,solver returned 1,,u,,,,,,
run_0155,visc_on_sensor_rho_beta_1p5_cfl_0p8_nx_501_mode_1,4,on,rho,1.5,0.8,501,1,0.15,failed,solver returned 1,,p,,,,,,
run_0156,visc_on_sensor_rho_beta_1p5_cfl_0p8_nx_1001_mode_1,4,on,rho,1.5,0.8,1001,1,0.15,failed,solver returned 1,,rho,,,,,,
run_0156,visc_on_sensor_rho_beta_1p5_cfl_0p8_nx_1001_mode_1,4,on,rho,1.5,0.8,1001,1,0.15,failed,solver returned 1,,u,,,,,,
run_0156,visc_on_sensor_rho_beta_1p5_cfl_0p8_nx_1001_mode_1,4,on,rho,1.5,0.8,1001,1,0.15,failed,solver returned 1,,p,,,,,,
run_0157,visc_on_sensor_u_beta_1p5_cfl_0p2_nx_101_mode_1,4,on,u,1.5,0.2,101,1,0.15,completed,completed,0.15,rho,0.022871011147074446,0.03265957770285378,0.11767206240986194,1.9108844684,0.0,0.0
run_0157,visc_on_sensor_u_beta_1p5_cfl_0p2_nx_101_mode_1,4,on,u,1.5,0.2,101,1,0.15,completed,completed,0.15,u,0.058659440501016236,0.0753656458540973,0.1986340384,3.9856938948,0.0,0.0
run_0157,visc_on_sensor_u_beta_1p5_cfl_0p2_nx_101_mode_1,4,on,u,1.5,0.2,101,1,0.15,completed,completed,0.15,p,0.014082971076692662,0.01828054863862068,0.06243038437937459,0.7676117876,0.0,0.0
run_0158,visc_on_sensor_u_beta_1p5_cfl_0p2_nx_201_mode_1,4,on,u,1.5,0.2,201,1,0.15,completed,completed,0.15,rho,0.012718143742760878,0.02029298564724998,0.08513940580000001,1.9479555507,0.0,0.0
run_0158,visc_on_sensor_u_beta_1p5_cfl_0p2_nx_201_mode_1,4,on,u,1.5,0.2,201,1,0.15,completed,completed,0.15,u,0.03708282031050412,0.052679427443406535,0.1638466262734344,3.9989497842,0.0,0.0
run_0158,visc_on_sensor_u_beta_1p5_cfl_0p2_nx_201_mode_1,4,on,u,1.5,0.2,201,1,0.15,completed,completed,0.15,p,0.007128162983946503,0.010929921745410905,0.04665783680000002,0.7854017075999999,0.0,0.0
run_0159,visc_on_sensor_u_beta_1p5_cfl_0p2_nx_501_mode_1,4,on,u,1.5,0.2,501,1,0.15,completed,completed,0.15,rho,0.005402653422590087,0.010363835812317654,0.05978779873903173,1.9641327706,0.0039185766828642304,0.0
run_0159,visc_on_sensor_u_beta_1p5_cfl_0p2_nx_501_mode_1,4,on,u,1.5,0.2,501,1,0.15,completed,completed,0.15,u,0.02170104137017119,0.036285208983031315,0.1321771945,3.9999998663,0.0,0.0
run_0159,visc_on_sensor_u_beta_1p5_cfl_0p2_nx_501_mode_1,4,on,u,1.5,0.2,501,1,0.15,completed,completed,0.15,p,0.0029474892916357795,0.005603454499642769,0.03300960134957609,0.7914843524,0.0,0.0
run_0160,visc_on_sensor_u_beta_1p5_cfl_0p2_nx_1001_mode_1,4,on,u,1.5,0.2,1001,1,0.15,completed,completed,0.15,rho,0.0030767739021048917,0.006238360227344653,0.04151043473903182,1.9711272074,0.007415705782864232,0.0
run_0160,visc_on_sensor_u_beta_1p5_cfl_0p2_nx_1001_mode_1,4,on,u,1.5,0.2,1001,1,0.15,completed,completed,0.15,u,0.015222498468721889,0.02877841671670272,0.1129601852,4.0,0.0,0.0
run_0160,visc_on_sensor_u_beta_1p5_cfl_0p2_nx_1001_mode_1,4,on,u,1.5,0.2,1001,1,0.15,completed,completed,0.15,p,0.0015027230644986788,0.003315935318687254,0.023022286849576135,0.7937139398,0.0,0.0
run_0161,visc_on_sensor_u_beta_1p5_cfl_0p5_nx_101_mode_1,4,on,u,1.5,0.5,101,1,0.15,failed,solver returned 1,,rho,,,,,,
run_0161,visc_on_sensor_u_beta_1p5_cfl_0p5_nx_101_mode_1,4,on,u,1.5,0.5,101,1,0.15,failed,solver returned 1,,u,,,,,,
run_0161,visc_on_sensor_u_beta_1p5_cfl_0p5_nx_101_mode_1,4,on,u,1.5,0.5,101,1,0.15,failed,solver returned 1,,p,,,,,,
run_0162,visc_on_sensor_u_beta_1p5_cfl_0p5_nx_201_mode_1,4,on,u,1.5,0.5,201,1,0.15,failed,solver returned 1,,rho,,,,,,
run_0162,visc_on_sensor_u_beta_1p5_cfl_0p5_nx_201_mode_1,4,on,u,1.5,0.5,201,1,0.15,failed,solver returned 1,,u,,,,,,
run_0162,visc_on_sensor_u_beta_1p5_cfl_0p5_nx_201_mode_1,4,on,u,1.5,0.5,201,1,0.15,failed,solver returned 1,,p,,,,,,
run_0163,visc_on_sensor_u_beta_1p5_cfl_0p5_nx_501_mode_1,4,on,u,1.5,0.5,501,1,0.15,failed,solver returned 1,,rho,,,,,,
run_0163,visc_on_sensor_u_beta_1p5_cfl_0p5_nx_501_mode_1,4,on,u,1.5,0.5,501,1,0.15,failed,solver returned 1,,u,,,,,,
run_0163,visc_on_sensor_u_beta_1p5_cfl_0p5_nx_501_mode_1,4,on,u,1.5,0.5,501,1,0.15,failed,solver returned 1,,p,,,,,,
run_0164,visc_on_sensor_u_beta_1p5_cfl_0p5_nx_1001_mode_1,4,on,u,1.5,0.5,1001,1,0.15,failed,solver returned 1,,rho,,,,,,
run_0164,visc_on_sensor_u_beta_1p5_cfl_0p5_nx_1001_mode_1,4,on,u,1.5,0.5,1001,1,0.15,failed,solver returned 1,,u,,,,,,
run_0164,visc_on_sensor_u_beta_1p5_cfl_0p5_nx_1001_mode_1,4,on,u,1.5,0.5,1001,1,0.15,failed,solver returned 1,,p,,,,,,
run_0165,visc_on_sensor_u_beta_1p5_cfl_0p8_nx_101_mode_1,4,on,u,1.5,0.8,101,1,0.15,failed,solver returned 1,,rho,,,,,,
run_0165,visc_on_sensor_u_beta_1p5_cfl_0p8_nx_101_mode_1,4,on,u,1.5,0.8,101,1,0.15,failed,solver returned 1,,u,,,,,,
run_0165,visc_on_sensor_u_beta_1p5_cfl_0p8_nx_101_mode_1,4,on,u,1.5,0.8,101,1,0.15,failed,solver returned 1,,p,,,,,,
run_0166,visc_on_sensor_u_beta_1p5_cfl_0p8_nx_201_mode_1,4,on,u,1.5,0.8,201,1,0.15,failed,solver returned 1,,rho,,,,,,
run_0166,visc_on_sensor_u_beta_1p5_cfl_0p8_nx_201_mode_1,4,on,u,1.5,0.8,201,1,0.15,failed,solver returned 1,,u,,,,,,
run_0166,visc_on_sensor_u_beta_1p5_cfl_0p8_nx_201_mode_1,4,on,u,1.5,0.8,201,1,0.15,failed,solver returned 1,,p,,,,,,
run_0167,visc_on_sensor_u_beta_1p5_cfl_0p8_nx_501_mode_1,4,on,u,1.5,0.8,501,1,0.15,failed,solver returned 1,,rho,,,,,,
run_0167,visc_on_sensor_u_beta_1p5_cfl_0p8_nx_501_mode_1,4,on,u,1.5,0.8,501,1,0.15,failed,solver returned 1,,u,,,,,,
run_0167,visc_on_sensor_u_beta_1p5_cfl_0p8_nx_501_mode_1,4,on,u,1.5,0.8,501,1,0.15,failed,solver returned 1,,p,,,,,,
run_0168,visc_on_sensor_u_beta_1p5_cfl_0p8_nx_1001_mode_1,4,on,u,1.5,0.8,1001,1,0.15,failed,solver returned 1,,rho,,,,,,
run_0168,visc_on_sensor_u_beta_1p5_cfl_0p8_nx_1001_mode_1,4,on,u,1.5,0.8,1001,1,0.15,failed,solver returned 1,,u,,,,,,
run_0168,visc_on_sensor_u_beta_1p5_cfl_0p8_nx_1001_mode_1,4,on,u,1.5,0.8,1001,1,0.15,failed,solver returned 1,,p,,,,,,
run_0169,visc_on_sensor_p_beta_1p5_cfl_0p2_nx_101_mode_1,4,on,p,1.5,0.2,101,1,0.15,failed,solver returned 1,,rho,,,,,,
run_0169,visc_on_sensor_p_beta_1p5_cfl_0p2_nx_101_mode_1,4,on,p,1.5,0.2,101,1,0.15,failed,solver returned 1,,u,,,,,,
run_0169,visc_on_sensor_p_beta_1p5_cfl_0p2_nx_101_mode_1,4,on,p,1.5,0.2,101,1,0.15,failed,solver returned 1,,p,,,,,,
run_0170,visc_on_sensor_p_beta_1p5_cfl_0p2_nx_201_mode_1,4,on,p,1.5,0.2,201,1,0.15,failed,solver returned 1,,rho,,,,,,
run_0170,visc_on_sensor_p_beta_1p5_cfl_0p2_nx_201_mode_1,4,on,p,1.5,0.2,201,1,0.15,failed,solver returned 1,,u,,,,,,
run_0170,visc_on_sensor_p_beta_1p5_cfl_0p2_nx_201_mode_1,4,on,p,1.5,0.2,201,1,0.15,failed,solver returned 1,,p,,,,,,
run_0171,visc_on_sensor_p_beta_1p5_cfl_0p2_nx_501_mode_1,4,on,p,1.5,0.2,501,1,0.15,failed,solver returned 1,,rho,,,,,,
run_0171,visc_on_sensor_p_beta_1p5_cfl_0p2_nx_501_mode_1,4,on,p,1.5,0.2,501,1,0.15,failed,solver returned 1,,u,,,,,,
run_0171,visc_on_sensor_p_beta_1p5_cfl_0p2_nx_501_mode_1,4,on,p,1.5,0.2,501,1,0.15,failed,solver returned 1,,p,,,,,,
run_0172,visc_on_sensor_p_beta_1p5_cfl_0p2_nx_1001_mode_1,4,on,p,1.5,0.2,1001,1,0.15,failed,solver returned 1,,rho,,,,,,
run_0172,visc_on_sensor_p_beta_1p5_cfl_0p2_nx_1001_mode_1,4,on,p,1.5,0.2,1001,1,0.15,failed,solver returned 1,,u,,,,,,
run_0172,visc_on_sensor_p_beta_1p5_cfl_0p2_nx_1001_mode_1,4,on,p,1.5,0.2,1001,1,0.15,failed,solver returned 1,,p,,,,,,
run_0173,visc_on_sensor_p_beta_1p5_cfl_0p5_nx_101_mode_1,4,on,p,1.5,0.5,101,1,0.15,failed,solver returned 1,,rho,,,,,,
run_0173,visc_on_sensor_p_beta_1p5_cfl_0p5_nx_101_mode_1,4,on,p,1.5,0.5,101,1,0.15,failed,solver returned 1,,u,,,,,,
run_0173,visc_on_sensor_p_beta_1p5_cfl_0p5_nx_101_mode_1,4,on,p,1.5,0.5,101,1,0.15,failed,solver returned 1,,p,,,,,,
run_0174,visc_on_sensor_p_beta_1p5_cfl_0p5_nx_201_mode_1,4,on,p,1.5,0.5,201,1,0.15,failed,solver returned 1,,rho,,,,,,
run_0174,visc_on_sensor_p_beta_1p5_cfl_0p5_nx_201_mode_1,4,on,p,1.5,0.5,201,1,0.15,failed,solver returned 1,,u,,,,,,
run_0174,visc_on_sensor_p_beta_1p5_cfl_0p5_nx_201_mode_1,4,on,p,1.5,0.5,201,1,0.15,failed,solver returned 1,,p,,,,,,
run_0175,visc_on_sensor_p_beta_1p5_cfl_0p5_nx_501_mode_1,4,on,p,1.5,0.5,501,1,0.15,failed,solver returned 1,,rho,,,,,,
run_0175,visc_on_sensor_p_beta_1p5_cfl_0p5_nx_501_mode_1,4,on,p,1.5,0.5,501,1,0.15,failed,solver returned 1,,u,,,,,,
run_0175,visc_on_sensor_p_beta_1p5_cfl_0p5_nx_501_mode_1,4,on,p,1.5,0.5,501,1,0.15,failed,solver returned 1,,p,,,,,,
run_0176,visc_on_sensor_p_beta_1p5_cfl_0p5_nx_1001_mode_1,4,on,p,1.5,0.5,1001,1,0.15,failed,solver returned 1,,rho,,,,,,
run_0176,visc_on_sensor_p_beta_1p5_cfl_0p5_nx_1001_mode_1,4,on,p,1.5,0.5,1001,1,0.15,failed,solver returned 1,,u,,,,,,
run_0176,visc_on_sensor_p_beta_1p5_cfl_0p5_nx_1001_mode_1,4,on,p,1.5,0.5,1001,1,0.15,failed,solver returned 1,,p,,,,,,
run_0177,visc_on_sensor_p_beta_1p5_cfl_0p8_nx_101_mode_1,4,on,p,1.5,0.8,101,1,0.15,failed,solver returned 1,,rho,,,,,,
run_0177,visc_on_sensor_p_beta_1p5_cfl_0p8_nx_101_mode_1,4,on,p,1.5,0.8,101,1,0.15,failed,solver returned 1,,u,,,,,,
run_0177,visc_on_sensor_p_beta_1p5_cfl_0p8_nx_101_mode_1,4,on,p,1.5,0.8,101,1,0.15,failed,solver returned 1,,p,,,,,,
run_0178,visc_on_sensor_p_beta_1p5_cfl_0p8_nx_201_mode_1,4,on,p,1.5,0.8,201,1,0.15,failed,solver returned 1,,rho,,,,,,
run_0178,visc_on_sensor_p_beta_1p5_cfl_0p8_nx_201_mode_1,4,on,p,1.5,0.8,201,1,0.15,failed,solver returned 1,,u,,,,,,
run_0178,visc_on_sensor_p_beta_1p5_cfl_0p8_nx_201_mode_1,4,on,p,1.5,0.8,201,1,0.15,failed,solver returned 1,,p,,,,,,
run_0179,visc_on_sensor_p_beta_1p5_cfl_0p8_nx_501_mode_1,4,on,p,1.5,0.8,501,1,0.15,failed,solver returned 1,,rho,,,,,,
run_0179,visc_on_sensor_p_beta_1p5_cfl_0p8_nx_501_mode_1,4,on,p,1.5,0.8,501,1,0.15,failed,solver returned 1,,u,,,,,,
run_0179,visc_on_sensor_p_beta_1p5_cfl_0p8_nx_501_mode_1,4,on,p,1.5,0.8,501,1,0.15,failed,solver returned 1,,p,,,,,,
run_0180,visc_on_sensor_p_beta_1p5_cfl_0p8_nx_1001_mode_1,4,on,p,1.5,0.8,1001,1,0.15,failed,solver returned 1,,rho,,,,,,
run_0180,visc_on_sensor_p_beta_1p5_cfl_0p8_nx_1001_mode_1,4,on,p,1.5,0.8,1001,1,0.15,failed,solver returned 1,,u,,,,,,
run_0180,visc_on_sensor_p_beta_1p5_cfl_0p8_nx_1001_mode_1,4,on,p,1.5,0.8,1001,1,0.15,failed,solver returned 1,,p,,,,,,
run_0181,visc_off_sensor_none_beta_0_cfl_0p2_nx_101_mode_1,4,off,none,0.0,0.2,101,1,0.15,failed,solver returned 1,,rho,,,,,,
run_0181,visc_off_sensor_none_beta_0_cfl_0p2_nx_101_mode_1,4,off,none,0.0,0.2,101,1,0.15,failed,solver returned 1,,u,,,,,,
run_0181,visc_off_sensor_none_beta_0_cfl_0p2_nx_101_mode_1,4,off,none,0.0,0.2,101,1,0.15,failed,solver returned 1,,p,,,,,,
run_0182,visc_off_sensor_none_beta_0_cfl_0p2_nx_201_mode_1,4,off,none,0.0,0.2,201,1,0.15,failed,solver returned 1,,rho,,,,,,
run_0182,visc_off_sensor_none_beta_0_cfl_0p2_nx_201_mode_1,4,off,none,0.0,0.2,201,1,0.15,failed,solver returned 1,,u,,,,,,
run_0182,visc_off_sensor_none_beta_0_cfl_0p2_nx_201_mode_1,4,off,none,0.0,0.2,201,1,0.15,failed,solver returned 1,,p,,,,,,
run_0183,visc_off_sensor_none_beta_0_cfl_0p2_nx_501_mode_1,4,off,none,0.0,0.2,501,1,0.15,failed,solver returned 1,,rho,,,,,,
run_0183,visc_off_sensor_none_beta_0_cfl_0p2_nx_501_mode_1,4,off,none,0.0,0.2,501,1,0.15,failed,solver returned 1,,u,,,,,,
run_0183,visc_off_sensor_none_beta_0_cfl_0p2_nx_501_mode_1,4,off,none,0.0,0.2,501,1,0.15,failed,solver returned 1,,p,,,,,,
run_0184,visc_off_sensor_none_beta_0_cfl_0p2_nx_1001_mode_1,4,off,none,0.0,0.2,1001,1,0.15,failed,solver returned 1,,rho,,,,,,
run_0184,visc_off_sensor_none_beta_0_cfl_0p2_nx_1001_mode_1,4,off,none,0.0,0.2,1001,1,0.15,failed,solver returned 1,,u,,,,,,
run_0184,visc_off_sensor_none_beta_0_cfl_0p2_nx_1001_mode_1,4,off,none,0.0,0.2,1001,1,0.15,failed,solver returned 1,,p,,,,,,
run_0185,visc_off_sensor_none_beta_0_cfl_0p5_nx_101_mode_1,4,off,none,0.0,0.5,101,1,0.15,failed,solver returned 1,,rho,,,,,,
run_0185,visc_off_sensor_none_beta_0_cfl_0p5_nx_101_mode_1,4,off,none,0.0,0.5,101,1,0.15,failed,solver returned 1,,u,,,,,,
run_0185,visc_off_sensor_none_beta_0_cfl_0p5_nx_101_mode_1,4,off,none,0.0,0.5,101,1,0.15,failed,solver returned 1,,p,,,,,,
run_0186,visc_off_sensor_none_beta_0_cfl_0p5_nx_201_mode_1,4,off,none,0.0,0.5,201,1,0.15,failed,solver returned 1,,rho,,,,,,
run_0186,visc_off_sensor_none_beta_0_cfl_0p5_nx_201_mode_1,4,off,none,0.0,0.5,201,1,0.15,failed,solver returned 1,,u,,,,,,
run_0186,visc_off_sensor_none_beta_0_cfl_0p5_nx_201_mode_1,4,off,none,0.0,0.5,201,1,0.15,failed,solver returned 1,,p,,,,,,
run_0187,visc_off_sensor_none_beta_0_cfl_0p5_nx_501_mode_1,4,off,none,0.0,0.5,501,1,0.15,failed,solver returned 1,,rho,,,,,,
run_0187,visc_off_sensor_none_beta_0_cfl_0p5_nx_501_mode_1,4,off,none,0.0,0.5,501,1,0.15,failed,solver returned 1,,u,,,,,,
run_0187,visc_off_sensor_none_beta_0_cfl_0p5_nx_501_mode_1,4,off,none,0.0,0.5,501,1,0.15,failed,solver returned 1,,p,,,,,,
run_0188,visc_off_sensor_none_beta_0_cfl_0p5_nx_1001_mode_1,4,off,none,0.0,0.5,1001,1,0.15,failed,solver returned 1,,rho,,,,,,
run_0188,visc_off_sensor_none_beta_0_cfl_0p5_nx_1001_mode_1,4,off,none,0.0,0.5,1001,1,0.15,failed,solver returned 1,,u,,,,,,
run_0188,visc_off_sensor_none_beta_0_cfl_0p5_nx_1001_mode_1,4,off,none,0.0,0.5,1001,1,0.15,failed,solver returned 1,,p,,,,,,
run_0189,visc_off_sensor_none_beta_0_cfl_0p8_nx_101_mode_1,4,off,none,0.0,0.8,101,1,0.15,failed,solver returned 1,,rho,,,,,,
run_0189,visc_off_sensor_none_beta_0_cfl_0p8_nx_101_mode_1,4,off,none,0.0,0.8,101,1,0.15,failed,solver returned 1,,u,,,,,,
run_0189,visc_off_sensor_none_beta_0_cfl_0p8_nx_101_mode_1,4,off,none,0.0,0.8,101,1,0.15,failed,solver returned 1,,p,,,,,,
run_0190,visc_off_sensor_none_beta_0_cfl_0p8_nx_201_mode_1,4,off,none,0.0,0.8,201,1,0.15,failed,solver returned 1,,rho,,,,,,
run_0190,visc_off_sensor_none_beta_0_cfl_0p8_nx_201_mode_1,4,off,none,0.0,0.8,201,1,0.15,failed,solver returned 1,,u,,,,,,
run_0190,visc_off_sensor_none_beta_0_cfl_0p8_nx_201_mode_1,4,off,none,0.0,0.8,201,1,0.15,failed,solver returned 1,,p,,,,,,
run_0191,visc_off_sensor_none_beta_0_cfl_0p8_nx_501_mode_1,4,off,none,0.0,0.8,501,1,0.15,failed,solver returned 1,,rho,,,,,,
run_0191,visc_off_sensor_none_beta_0_cfl_0p8_nx_501_mode_1,4,off,none,0.0,0.8,501,1,0.15,failed,solver returned 1,,u,,,,,,
run_0191,visc_off_sensor_none_beta_0_cfl_0p8_nx_501_mode_1,4,off,none,0.0,0.8,501,1,0.15,failed,solver returned 1,,p,,,,,,
run_0192,visc_off_sensor_none_beta_0_cfl_0p8_nx_1001_mode_1,4,off,none,0.0,0.8,1001,1,0.15,failed,solver returned 1,,rho,,,,,,
run_0192,visc_off_sensor_none_beta_0_cfl_0p8_nx_1001_mode_1,4,off,none,0.0,0.8,1001,1,0.15,failed,solver returned 1,,u,,,,,,
run_0192,visc_off_sensor_none_beta_0_cfl_0p8_nx_1001_mode_1,4,off,none,0.0,0.8,1001,1,0.15,failed,solver returned 1,,p,,,,,,
